"raw_author_label","raw_year","normalized_source_id","effect_rows","hop_codes_present","source_locators","full_citation","title","container","doi","stable_url","resolution_status","resolution_confidence","candidate_count","disambiguation_basis","notes"
"Bever 1994","1994","doi:10.2307/1941601","12","HU","Figure 3a","Bever 1994. Feeback between Plants and Their Soil Communities in an Old Field Community. Ecology. https://doi.org/10.2307/1941601","Feeback between Plants and Their Soil Communities in an Old Field Community","Ecology","10.2307/1941601","https://doi.org/10.2307/1941601","doi_resolved","high","1","unique candidate present in published PSF reference pool(s): SC","Resolution is bibliographic only; it does not replace primary-method hop coding."
"Holah and Alexander 1999","1999","doi:10.1046/j.1365-2745.1999.00383.x","4","H2","Figure 1b | Figure 1d","Holah and Alexander 1999. Soil pathogenic fungi have the potential to affect the co‐existence of two tallgrass prairie species. Journal of Ecology. https://doi.org/10.1046/j.1365-2745.1999.00383.x","Soil pathogenic fungi have the potential to affect the co‐existence of two tallgrass prairie species","Journal of Ecology","10.1046/j.1365-2745.1999.00383.x","https://doi.org/10.1046/j.1365-2745.1999.00383.x","doi_resolved","moderate","1","unique plant-soil topical candidate for exact first author and year","Resolution is bibliographic only; it does not replace primary-method hop coding."
"Peltzer 2001","2001","unresolved:peltzer-2001-2001","2","H1","Figure 2","","","","","","ambiguous","ambiguous","3","multiple plausible exact-author/year candidates remain; no unique evidence-supported choice","Candidate evidence is preserved in source-candidates.json; no bibliographic identity is asserted."
"Troelstra et al. 2001","2001","unresolved:troelstra-et-al-2001-2001","4","H2","Author","","","","","","ambiguous","ambiguous","1","multiple plausible exact-author/year candidates remain; no unique evidence-supported choice","Candidate evidence is preserved in source-candidates.json; no bibliographic identity is asserted."
"Klironomos 2002","2002","doi:10.1038/417067a","61","HU","Author","Klironomos 2002. Feedback with soil biota contributes to plant rarity and invasiveness in communities. Nature. https://doi.org/10.1038/417067a","Feedback with soil biota contributes to plant rarity and invasiveness in communities","Nature","10.1038/417067a","https://doi.org/10.1038/417067a","doi_resolved","moderate","1","unique plant-soil topical candidate for exact first author and year","Resolution is bibliographic only; it does not replace primary-method hop coding."
"Van der Stoel et al. 2002","2002","doi:10.1046/j.1365-2745.2002.00727.x","1","H2","Figure 2","Van der Stoel et al. 2002. Development of a negative plant–soil feedback in the expansion zone of the clonal grass <i>Ammophila arenaria</i> following root formation and nematode colonization. Journal of Ecology. https://doi.org/10.1046/j.1365-2745.2002.00727.x","Development of a negative plant–soil feedback in the expansion zone of the clonal grass <i>Ammophila arenaria</i> following root formation and nematode colonization","Journal of Ecology","10.1046/j.1365-2745.2002.00727.x","https://doi.org/10.1046/j.1365-2745.2002.00727.x","doi_resolved","moderate","1","unique plant-soil topical candidate for exact first author and year","Resolution is bibliographic only; it does not replace primary-method hop coding."
"Beckstead and Parker 2003","2003","unresolved:beckstead-and-parker-2003-2003","2","H2","Figure 2","","","","","","ambiguous","ambiguous","1","multiple plausible exact-author/year candidates remain; no unique evidence-supported choice","Candidate evidence is preserved in source-candidates.json; no bibliographic identity is asserted."
"Reinhart et al. 2003","2003","doi:10.1046/j.1461-0248.2003.00539.x","8","H2","Figure 2b","Reinhart et al. 2003. Plant–soil biota interactions and spatial distribution of black cherry in its native and invasive ranges. Ecology Letters. https://doi.org/10.1046/j.1461-0248.2003.00539.x","Plant–soil biota interactions and spatial distribution of black cherry in its native and invasive ranges","Ecology Letters","10.1046/j.1461-0248.2003.00539.x","https://doi.org/10.1046/j.1461-0248.2003.00539.x","doi_resolved","high","1","unique candidate present in published PSF reference pool(s): S","Resolution is bibliographic only; it does not replace primary-method hop coding."
"Callaway et al. 2004b Nature","2004","doi:10.1038/nature02322","8","H2|HU","Figure 1 | Figure 2","Callaway et al. 2004b Nature. Soil biota and exotic plant invasion. Nature. https://doi.org/10.1038/nature02322","Soil biota and exotic plant invasion","Nature","10.1038/nature02322","https://doi.org/10.1038/nature02322","doi_resolved","high","4","raw label journal suffix uniquely matched Nature","Resolution is bibliographic only; it does not replace primary-method hop coding."
"De Deyn et al. 2004a","2004","doi:10.1111/j.0022-0477.2004.00924.x","13","H2","Author","De Deyn et al. 2004a. Plant community development is affected by nutrients and soil biota. Journal of Ecology. https://doi.org/10.1111/j.0022-0477.2004.00924.x","Plant community development is affected by nutrients and soil biota","Journal of Ecology","10.1111/j.0022-0477.2004.00924.x","https://doi.org/10.1111/j.0022-0477.2004.00924.x","doi_resolved","moderate","2","unique plant-soil topical candidate for exact first author and year","Resolution is bibliographic only; it does not replace primary-method hop coding."
"Ehlers and Thompson 2004","2004","unresolved:ehlers-and-thompson-2004-2004","1","H1","Figure 3b","","","","","","ambiguous","ambiguous","5","multiple plausible exact-author/year candidates remain; no unique evidence-supported choice","Candidate evidence is preserved in source-candidates.json; no bibliographic identity is asserted."
"Gustafson and Casper 2004","2004","doi:10.1023/b:plso.0000020936.56786.a4","18","H2","Figure 1 | Figure 2 | Figure 3 | Figure 4 | Figure 5","Gustafson and Casper 2004. Nutrient addition affects AM fungal performance and expression of plant/fungal feedback in three serpentine grasses. Plant and Soil. https://doi.org/10.1023/b:plso.0000020936.56786.a4","Nutrient addition affects AM fungal performance and expression of plant/fungal feedback in three serpentine grasses","Plant and Soil","10.1023/b:plso.0000020936.56786.a4","https://doi.org/10.1023/b:plso.0000020936.56786.a4","doi_resolved","high","1","unique candidate present in published PSF reference pool(s): X","Resolution is bibliographic only; it does not replace primary-method hop coding."
"Knevel et al. 2004","2004","doi:10.1007/s00442-004-1662-8","1","H2","Figure 2","Knevel et al. 2004. Release from native root herbivores and biotic resistance by soil pathogens in a new habitat both affect the alien Ammophila arenaria in South Africa. Oecologia. https://doi.org/10.1007/s00442-004-1662-8","Release from native root herbivores and biotic resistance by soil pathogens in a new habitat both affect the alien Ammophila arenaria in South Africa","Oecologia","10.1007/s00442-004-1662-8","https://doi.org/10.1007/s00442-004-1662-8","doi_resolved","moderate","1","unique plant-soil topical candidate for exact first author and year","Resolution is bibliographic only; it does not replace primary-method hop coding."
"Packer and Clay 2004","2004","unresolved:packer-and-clay-2004-2004","4","H2|HU","Figure 2","","","","","","ambiguous","ambiguous","1","multiple plausible exact-author/year candidates remain; no unique evidence-supported choice","Candidate evidence is preserved in source-candidates.json; no bibliographic identity is asserted."
"Reinhart and Callaway 2004","2004","doi:10.1890/03-5204","10","H2","Figure 2","Reinhart and Callaway 2004. SOIL BIOTA FACILITATE EXOTIC ACER INVASIONS IN EUROPE AND NORTH AMERICA. Ecological Applications. https://doi.org/10.1890/03-5204","SOIL BIOTA FACILITATE EXOTIC ACER INVASIONS IN EUROPE AND NORTH AMERICA","Ecological Applications","10.1890/03-5204","https://doi.org/10.1890/03-5204","doi_resolved","high","1","unique candidate present in published PSF reference pool(s): S","Resolution is bibliographic only; it does not replace primary-method hop coding."
"Suding et al. 2004","2004","unresolved:suding-et-al-2004-2004","2","H1","Figure 2","","","","","","unresolved","unresolved","0","no exact first-author/year candidate was retained","Candidate evidence is preserved in source-candidates.json; no bibliographic identity is asserted."
"Agrawal et al. 2005","2005","doi:10.1890/05-0219","20","HU","Author","Agrawal et al. 2005. ENEMY RELEASE? AN EXPERIMENT WITH CONGENERIC PLANT PAIRS AND DIVERSE ABOVE- AND BELOWGROUND ENEMIES. Ecology. https://doi.org/10.1890/05-0219","ENEMY RELEASE? AN EXPERIMENT WITH CONGENERIC PLANT PAIRS AND DIVERSE ABOVE- AND BELOWGROUND ENEMIES","Ecology","10.1890/05-0219","https://doi.org/10.1890/05-0219","doi_resolved","high","5","unique candidate present in published PSF reference pool(s): S","Resolution is bibliographic only; it does not replace primary-method hop coding."
"Belnap et al. 2005","2005","doi:10.1890/05-0333","2","H2","Figure 2","Belnap et al. 2005. SOIL BIOTA CAN CHANGE AFTER EXOTIC PLANT INVASION: DOES THIS AFFECT ECOSYSTEM PROCESSES?. Ecology. https://doi.org/10.1890/05-0333","SOIL BIOTA CAN CHANGE AFTER EXOTIC PLANT INVASION: DOES THIS AFFECT ECOSYSTEM PROCESSES?","Ecology","10.1890/05-0333","https://doi.org/10.1890/05-0333","doi_resolved","moderate","3","unique plant-soil topical candidate for exact first author and year","Resolution is bibliographic only; it does not replace primary-method hop coding."
"Bonanomi and Mazzoleni 2005 CE","2005","doi:10.1556/comec.6.2005.1.3","14","HU","Figure 2 | Figure 3","Bonanomi and Mazzoleni 2005 CE. Soil history affects plant growth and competitive ability in herbaceous species. Community Ecology. https://doi.org/10.1556/comec.6.2005.1.3","Soil history affects plant growth and competitive ability in herbaceous species","Community Ecology","10.1556/comec.6.2005.1.3","https://doi.org/10.1556/comec.6.2005.1.3","doi_resolved","high","4","raw label journal suffix uniquely matched Community Ecology","Resolution is bibliographic only; it does not replace primary-method hop coding."
"Bonanomi et al. 2005 PE","2005","doi:10.1007/s11258-005-7221-5","1","H2","Figure 5","Bonanomi et al. 2005 PE. Negative Plant–Soil Feedback and Positive Species Interaction in a Herbaceous Plant Community. Plant Ecology. https://doi.org/10.1007/s11258-005-7221-5","Negative Plant–Soil Feedback and Positive Species Interaction in a Herbaceous Plant Community","Plant Ecology","10.1007/s11258-005-7221-5","https://doi.org/10.1007/s11258-005-7221-5","doi_resolved","high","4","raw label journal suffix uniquely matched Plant Ecology","Resolution is bibliographic only; it does not replace primary-method hop coding."
"Reinhart et al. 2005a Ecography","2005","doi:10.1111/j.2005.0906-7590.04166.x","2","H1","Figure 5","Reinhart et al. 2005a Ecography. Effects of <i>Acer platanoides</i> invasion on understory plant communities and tree regeneration in the northern Rocky Mountains. Ecography. https://doi.org/10.1111/j.2005.0906-7590.04166.x","Effects of <i>Acer platanoides</i> invasion on understory plant communities and tree regeneration in the northern Rocky Mountains","Ecography","10.1111/j.2005.0906-7590.04166.x","https://doi.org/10.1111/j.2005.0906-7590.04166.x","doi_resolved","high","2","raw label journal suffix uniquely matched Ecography","Resolution is bibliographic only; it does not replace primary-method hop coding."
"Bezemer et al. 2006a Ecology","2006","doi:10.1890/0012-9658(2006)87[2002:ibsjap]2.0.co;2","2","HU","Figure 4","Bezemer et al. 2006a Ecology. INTERPLAY BETWEEN<i>SENECIO JACOBAEA</i>AND PLANT, SOIL, AND ABOVEGROUND INSECT COMMUNITY COMPOSITION. Ecology. https://doi.org/10.1890/0012-9658(2006)87[2002:ibsjap]2.0.co;2","INTERPLAY BETWEEN<i>SENECIO JACOBAEA</i>AND PLANT, SOIL, AND ABOVEGROUND INSECT COMMUNITY COMPOSITION","Ecology","10.1890/0012-9658(2006)87[2002:ibsjap]2.0.co;2","https://doi.org/10.1890/0012-9658(2006)87[2002:ibsjap]2.0.co;2","doi_resolved","high","2","raw label journal suffix uniquely matched Ecology","Resolution is bibliographic only; it does not replace primary-method hop coding."
"Bezemer et al. 2006b JE","2006","doi:10.1111/j.1365-2745.2006.01158.x","13","HU","Figure 1","Bezemer et al. 2006b JE. Plant species and functional group effects on abiotic and microbial soil properties and plant–soil feedback responses in two grasslands. Journal of Ecology. https://doi.org/10.1111/j.1365-2745.2006.01158.x","Plant species and functional group effects on abiotic and microbial soil properties and plant–soil feedback responses in two grasslands","Journal of Ecology","10.1111/j.1365-2745.2006.01158.x","https://doi.org/10.1111/j.1365-2745.2006.01158.x","doi_resolved","high","2","raw label journal suffix uniquely matched Journal of Ecology","Resolution is bibliographic only; it does not replace primary-method hop coding."
"Bodelier et al. 2006","2006","unresolved:bodelier-et-al-2006-2006","6","H2","Figure 4a","","","","","","ambiguous","ambiguous","1","multiple plausible exact-author/year candidates remain; no unique evidence-supported choice","Candidate evidence is preserved in source-candidates.json; no bibliographic identity is asserted."
"Gillespie and Allen 2006","2006","doi:10.1016/j.apsoil.2005.03.008","3","H2","Figure 2a","Gillespie and Allen 2006. Effects of soil and mycorrhizae from native and invaded vegetation on a rare California forb. Applied Soil Ecology. https://doi.org/10.1016/j.apsoil.2005.03.008","Effects of soil and mycorrhizae from native and invaded vegetation on a rare California forb","Applied Soil Ecology","10.1016/j.apsoil.2005.03.008","https://doi.org/10.1016/j.apsoil.2005.03.008","doi_resolved","moderate","3","unique plant-soil topical candidate for exact first author and year","Resolution is bibliographic only; it does not replace primary-method hop coding."
"Kardol et al. 2006","2006","doi:10.1111/j.1461-0248.2006.00953.x","12","H2|HU","Figure 1","Kardol et al. 2006. Temporal variation in plant–soil feedback controls succession. Ecology Letters. https://doi.org/10.1111/j.1461-0248.2006.00953.x","Temporal variation in plant–soil feedback controls succession","Ecology Letters","10.1111/j.1461-0248.2006.00953.x","https://doi.org/10.1111/j.1461-0248.2006.00953.x","doi_resolved","high","1","unique candidate present in published PSF reference pool(s): SC","Resolution is bibliographic only; it does not replace primary-method hop coding."
"Kulmatiski et al. 2006","2006","unresolved:kulmatiski-et-al-2006-2006","2","H1","Figure 1","","","","","","unresolved","unresolved","0","no exact first-author/year candidate was retained","Candidate evidence is preserved in source-candidates.json; no bibliographic identity is asserted."
"Meiman et al. 2006","2006","doi:10.1016/j.apsoil.2005.02.016","1","H2","Author","Meiman et al. 2006. The role of the native soil community in the invasion ecology of spotted (Centaurea maculosa auct. non Lam.) and diffuse (Centaurea diffusa Lam.) knapweed. Applied Soil Ecology. https://doi.org/10.1016/j.apsoil.2005.02.016","The role of the native soil community in the invasion ecology of spotted (Centaurea maculosa auct. non Lam.) and diffuse (Centaurea diffusa Lam.) knapweed","Applied Soil Ecology","10.1016/j.apsoil.2005.02.016","https://doi.org/10.1016/j.apsoil.2005.02.016","doi_resolved","moderate","1","unique plant-soil topical candidate for exact first author and year","Resolution is bibliographic only; it does not replace primary-method hop coding."
"Morris et al. 2006","2006","unresolved:morris-et-al-2006-2006","1","H2","Table 3, Text","","","","","","unresolved","unresolved","0","no exact first-author/year candidate was retained","Candidate evidence is preserved in source-candidates.json; no bibliographic identity is asserted."
"Puerta-Pinero et al. 2006","2006","unresolved:puerta-pinero-et-al-2006-2006","7","H2","Table 2","","","","","","unresolved","unresolved","0","no exact first-author/year candidate was retained","Candidate evidence is preserved in source-candidates.json; no bibliographic identity is asserted."
"Suguenza et al. 2006","2006","unresolved:suguenza-et-al-2006-2006","12","H2","Figure 1a | Figure 1b","","","","","","unresolved","unresolved","0","no exact first-author/year candidate was retained","Candidate evidence is preserved in source-candidates.json; no bibliographic identity is asserted."
"Blank and Sforza 2007","2007","doi:10.1007/s11104-007-9308-3","4","H2","Author","Blank and Sforza 2007. Plant–soil relationships of the invasive annual grass Taeniatherum caput-medusae: a reciprocal transplant experiment. Plant and Soil. https://doi.org/10.1007/s11104-007-9308-3","Plant–soil relationships of the invasive annual grass Taeniatherum caput-medusae: a reciprocal transplant experiment","Plant and Soil","10.1007/s11104-007-9308-3","https://doi.org/10.1007/s11104-007-9308-3","doi_resolved","moderate","2","unique plant-soil topical candidate for exact first author and year","Resolution is bibliographic only; it does not replace primary-method hop coding."
"Casper and Castelli 2007","2007","doi:10.1111/j.1461-0248.2007.01030.x","6","H1","Figure 1","Casper and Castelli 2007. Evaluating plant–soil feedback together with competition in a serpentine grassland. Ecology Letters. https://doi.org/10.1111/j.1461-0248.2007.01030.x","Evaluating plant–soil feedback together with competition in a serpentine grassland","Ecology Letters","10.1111/j.1461-0248.2007.01030.x","https://doi.org/10.1111/j.1461-0248.2007.01030.x","doi_resolved","moderate","2","unique plant-soil topical candidate for exact first author and year","Resolution is bibliographic only; it does not replace primary-method hop coding."
"Dickie et al. 2007","2007","unresolved:dickie-et-al-2007-2007","1","H1","Table 1","","","","","","ambiguous","ambiguous","2","multiple plausible exact-author/year candidates remain; no unique evidence-supported choice","Candidate evidence is preserved in source-candidates.json; no bibliographic identity is asserted."
"Kardol et al. 2007","2007","doi:10.1890/06-0502","7","HU","Author","Kardol et al. 2007. MICROBE‐MEDIATED PLANT–SOIL FEEDBACK CAUSES HISTORICAL CONTINGENCY EFFECTS IN PLANT COMMUNITY ASSEMBLY. Ecological Monographs. https://doi.org/10.1890/06-0502","MICROBE‐MEDIATED PLANT–SOIL FEEDBACK CAUSES HISTORICAL CONTINGENCY EFFECTS IN PLANT COMMUNITY ASSEMBLY","Ecological Monographs","10.1890/06-0502","https://doi.org/10.1890/06-0502","doi_resolved","moderate","1","unique plant-soil topical candidate for exact first author and year","Resolution is bibliographic only; it does not replace primary-method hop coding."
"Nijjer et al. 2007","2007","doi:10.1098/rspb.2007.0804","10","H2","Figure 1b","Nijjer et al. 2007. Negative plant–soil feedbacks may limit persistence of an invasive tree due to rapid accumulation of soil pathogens. Proceedings of the Royal Society B: Biological Sciences. https://doi.org/10.1098/rspb.2007.0804","Negative plant–soil feedbacks may limit persistence of an invasive tree due to rapid accumulation of soil pathogens","Proceedings of the Royal Society B: Biological Sciences","10.1098/rspb.2007.0804","https://doi.org/10.1098/rspb.2007.0804","doi_resolved","high","1","unique candidate present in published PSF reference pool(s): X","Resolution is bibliographic only; it does not replace primary-method hop coding."
"Niu et al 2007","2007","doi:10.1007/s11104-007-9230-8","8","H2","Figure 4","Niu et al 2007. An invasive aster (Ageratina adenophora) invades and dominates forest understories in China: altered soil microbial communities facilitate the invader and inhibit natives. Plant and Soil. https://doi.org/10.1007/s11104-007-9230-8","An invasive aster (Ageratina adenophora) invades and dominates forest understories in China: altered soil microbial communities facilitate the invader and inhibit natives","Plant and Soil","10.1007/s11104-007-9230-8","https://doi.org/10.1007/s11104-007-9230-8","doi_resolved","moderate","2","unique plant-soil topical candidate for exact first author and year","Resolution is bibliographic only; it does not replace primary-method hop coding."
"Van der Putten et al. 2007","2007","doi:10.1890/06-1051","2","H2","Figure 1","Van der Putten et al. 2007. SOIL FEEDBACK OF EXOTIC SAVANNA GRASS RELATES TO PATHOGEN ABSENCE AND MYCORRHIZAL SELECTIVITY. Ecology. https://doi.org/10.1890/06-1051","SOIL FEEDBACK OF EXOTIC SAVANNA GRASS RELATES TO PATHOGEN ABSENCE AND MYCORRHIZAL SELECTIVITY","Ecology","10.1890/06-1051","https://doi.org/10.1890/06-1051","doi_resolved","moderate","2","unique plant-soil topical candidate for exact first author and year","Resolution is bibliographic only; it does not replace primary-method hop coding."
"VanGrunsven et al. 2007","2007","unresolved:vangrunsven-et-al-2007-2007","8","HU","Author","","","","","","unresolved","unresolved","0","no exact first-author/year candidate was retained","Candidate evidence is preserved in source-candidates.json; no bibliographic identity is asserted."
"van Grunsven et al. 2007","2007","unresolved:van-grunsven-et-al-2007-2007","4","HU","Author","","","","","","unresolved","unresolved","0","no exact first-author/year candidate was retained","Candidate evidence is preserved in source-candidates.json; no bibliographic identity is asserted."
"van der Putten et al. 2007","2007","doi:10.1890/06-1051","1","H2","Figure 1","van der Putten et al. 2007. SOIL FEEDBACK OF EXOTIC SAVANNA GRASS RELATES TO PATHOGEN ABSENCE AND MYCORRHIZAL SELECTIVITY. Ecology. https://doi.org/10.1890/06-1051","SOIL FEEDBACK OF EXOTIC SAVANNA GRASS RELATES TO PATHOGEN ABSENCE AND MYCORRHIZAL SELECTIVITY","Ecology","10.1890/06-1051","https://doi.org/10.1890/06-1051","doi_resolved","moderate","2","unique plant-soil topical candidate for exact first author and year","Resolution is bibliographic only; it does not replace primary-method hop coding."
"Batten et al. 2008","2008","unresolved:batten-et-al-2008-2008","4","HU","Figure 4","","","","","","unresolved","unresolved","0","no exact first-author/year candidate was retained","Candidate evidence is preserved in source-candidates.json; no bibliographic identity is asserted."
"Casper,2008","2008","doi:10.1890/07-1277.1","42","HU","Figure 2","Casper,2008. PLANT–SOIL FEEDBACK: TESTING THE GENERALITY WITH THE SAME GRASSES IN SERPENTINE AND PRAIRIE SOILS. Ecology. https://doi.org/10.1890/07-1277.1","PLANT–SOIL FEEDBACK: TESTING THE GENERALITY WITH THE SAME GRASSES IN SERPENTINE AND PRAIRIE SOILS","Ecology","10.1890/07-1277.1","https://doi.org/10.1890/07-1277.1","doi_resolved","high","1","unique candidate present in published PSF reference pool(s): S","Resolution is bibliographic only; it does not replace primary-method hop coding."
"Jordan et al. 2008","2008","unresolved:jordan-et-al-2008-2008","6","HU","Figure 1 | Figure 2 | Figure 3","","","","","","ambiguous","ambiguous","3","multiple plausible exact-author/year candidates remain; no unique evidence-supported choice","Candidate evidence is preserved in source-candidates.json; no bibliographic identity is asserted."
"Kulmatiski, unpubl. Data","2008","unresolved:kulmatiski-unpubl-data-2008","6","H1","Author","","","","","","unresolved","unresolved","0","no exact first-author/year candidate was retained","Candidate evidence is preserved in source-candidates.json; no bibliographic identity is asserted."
"Manning,2008","2008","doi:10.1007/s00442-008-1104-0","112","HU","Xi et al. 2021","Manning,2008. Nitrogen enrichment modifies plant community structure via changes to plant–soil feedback. Oecologia. https://doi.org/10.1007/s00442-008-1104-0","Nitrogen enrichment modifies plant community structure via changes to plant–soil feedback","Oecologia","10.1007/s00442-008-1104-0","https://doi.org/10.1007/s00442-008-1104-0","doi_resolved","moderate","2","unique plant-soil topical candidate for exact first author and year","Resolution is bibliographic only; it does not replace primary-method hop coding."
"Petermann et al. 2008","2008","doi:10.1890/07-2056.1","240","H2","Authors","Petermann et al. 2008. JANZEN‐CONNELL EFFECTS ARE WIDESPREAD AND STRONG ENOUGH TO MAINTAIN DIVERSITY IN GRASSLANDS. Ecology. https://doi.org/10.1890/07-2056.1","JANZEN‐CONNELL EFFECTS ARE WIDESPREAD AND STRONG ENOUGH TO MAINTAIN DIVERSITY IN GRASSLANDS","Ecology","10.1890/07-2056.1","https://doi.org/10.1890/07-2056.1","doi_resolved","high","1","unique candidate present in published PSF reference pool(s): C","Resolution is bibliographic only; it does not replace primary-method hop coding."
"Markham,2009","2009","unresolved:markham-2009-2009","16","H2","Xi et al. 2021","","","","","","unresolved","unresolved","0","no exact first-author/year candidate was retained","Candidate evidence is preserved in source-candidates.json; no bibliographic identity is asserted."
"Fitzsimons et al. 2010","2010","unresolved:fitzsimons-et-al-2010-2010","20","HU","Figure 1","","","","","","ambiguous","ambiguous","1","multiple plausible exact-author/year candidates remain; no unique evidence-supported choice","Candidate evidence is preserved in source-candidates.json; no bibliographic identity is asserted."
"Harrison,2010","2010","doi:10.1111/j.1365-2745.2009.01614.x","32","HU","Xi et al. 2021","Harrison,2010. Influence of plant species and soil conditions on plant–soil feedback in mixed grassland communities. Journal of Ecology. https://doi.org/10.1111/j.1365-2745.2009.01614.x","Influence of plant species and soil conditions on plant–soil feedback in mixed grassland communities","Journal of Ecology","10.1111/j.1365-2745.2009.01614.x","https://doi.org/10.1111/j.1365-2745.2009.01614.x","doi_resolved","moderate","5","unique plant-soil topical candidate for exact first author and year","Resolution is bibliographic only; it does not replace primary-method hop coding."
"Jiang, 2010","2010","doi:10.1007/s11284-010-0735-x","30","H1","Xi et al. 2021","Jiang, 2010. The role of plant–soil feedbacks and land‐use legacies in restoration of a temperate steppe in northern China. Ecological Research. https://doi.org/10.1007/s11284-010-0735-x","The role of plant–soil feedbacks and land‐use legacies in restoration of a temperate steppe in northern China","Ecological Research","10.1007/s11284-010-0735-x","https://doi.org/10.1007/s11284-010-0735-x","doi_resolved","moderate","5","unique plant-soil topical candidate for exact first author and year","Resolution is bibliographic only; it does not replace primary-method hop coding."
"Kueffer 2010","2010","unresolved:kueffer-2010-2010","2","H2","Figure 1","","","","","","ambiguous","ambiguous","2","multiple plausible exact-author/year candidates remain; no unique evidence-supported choice","Candidate evidence is preserved in source-candidates.json; no bibliographic identity is asserted."
"Mangan et al. 2010","2010","doi:10.1038/nature09273","19","H1","Crowford2019","Mangan et al. 2010. Negative plant–soil feedback predicts tree-species relative abundance in a tropical forest. Nature. https://doi.org/10.1038/nature09273","Negative plant–soil feedback predicts tree-species relative abundance in a tropical forest","Nature","10.1038/nature09273","https://doi.org/10.1038/nature09273","doi_resolved","high","3","unique candidate with strongest published-reference-pool support: SXC","Resolution is bibliographic only; it does not replace primary-method hop coding."
"de la Pena et al. 2010","2010","doi:10.1007/s10530-010-9756-1","8","H2|HU","Figure 1a | Figure 2a | Figure 3a","de la Pena et al. 2010. Plant-soil feedback as a mechanism of invasion by Carpobrotus edulis. Biological Invasions. https://doi.org/10.1007/s10530-010-9756-1","Plant-soil feedback as a mechanism of invasion by Carpobrotus edulis","Biological Invasions","10.1007/s10530-010-9756-1","https://doi.org/10.1007/s10530-010-9756-1","doi_resolved","moderate","2","unique plant-soil topical candidate for exact first author and year","Resolution is bibliographic only; it does not replace primary-method hop coding."
"van Grunsven,2010a","2010","unresolved:van-grunsven-2010a-2010","24","HU","Xi et al. 2021","","","","","","unresolved","unresolved","0","no exact first-author/year candidate was retained","Candidate evidence is preserved in source-candidates.json; no bibliographic identity is asserted."
"Dostal,2011","2011","unresolved:dostal-2011-2011","9","HU","Figure 2 | Xi et al. 2021","","","","","","unresolved","unresolved","0","no exact first-author/year candidate was retained","Candidate evidence is preserved in source-candidates.json; no bibliographic identity is asserted."
"Kulmatiski et al. 2011 JE","2011","doi:10.1111/j.1365-2745.2010.01784.x","32","HU","Table 2","Kulmatiski et al. 2011 JE. Testing predictions of a three‐species plant–soil feedback model. Journal of Ecology. https://doi.org/10.1111/j.1365-2745.2010.01784.x","Testing predictions of a three‐species plant–soil feedback model","Journal of Ecology","10.1111/j.1365-2745.2010.01784.x","https://doi.org/10.1111/j.1365-2745.2010.01784.x","doi_resolved","high","3","raw label journal suffix uniquely matched Journal of Ecology","Resolution is bibliographic only; it does not replace primary-method hop coding."
"Kulmatiski et al. 2011 SBB","2011","doi:10.1016/j.soilbio.2010.12.018","2","H2","Figure 4","Kulmatiski et al. 2011 SBB. Long-term plant growth legacies overwhelm short-term plant growth effects on soil microbial community structure. Soil Biology and Biochemistry. https://doi.org/10.1016/j.soilbio.2010.12.018","Long-term plant growth legacies overwhelm short-term plant growth effects on soil microbial community structure","Soil Biology and Biochemistry","10.1016/j.soilbio.2010.12.018","https://doi.org/10.1016/j.soilbio.2010.12.018","doi_resolved","high","3","raw label journal suffix uniquely matched Soil Biology and Biochemistry","Resolution is bibliographic only; it does not replace primary-method hop coding."
"Li et al. 2011 SAS","2011","doi:10.2316/p.2011.715-093","3","H2","Figure 1","Li et al. 2011 SAS. Irrigation Optimization by Modeling of Plant-Soil Interaction. Applied Simulation and Modelling. https://doi.org/10.2316/p.2011.715-093","Irrigation Optimization by Modeling of Plant-Soil Interaction","Applied Simulation and Modelling","10.2316/p.2011.715-093","https://doi.org/10.2316/p.2011.715-093","doi_resolved","moderate","7","unique plant-soil topical candidate for exact first author and year","Resolution is bibliographic only; it does not replace primary-method hop coding."
"Li et al. 2011 SASB","2011","doi:10.2316/p.2011.715-093","1","H2","Figure 4","Li et al. 2011 SASB. Irrigation Optimization by Modeling of Plant-Soil Interaction. Applied Simulation and Modelling. https://doi.org/10.2316/p.2011.715-093","Irrigation Optimization by Modeling of Plant-Soil Interaction","Applied Simulation and Modelling","10.2316/p.2011.715-093","https://doi.org/10.2316/p.2011.715-093","doi_resolved","moderate","7","unique plant-soil topical candidate for exact first author and year","Resolution is bibliographic only; it does not replace primary-method hop coding."
"Meijer et al. 2011","2011","doi:10.1093/jpe/rtr011","3","HU","Apendix A","Meijer et al. 2011. Effects of plant–soil feedback on tree seedling growth under arid conditions. Journal of Plant Ecology. https://doi.org/10.1093/jpe/rtr011","Effects of plant–soil feedback on tree seedling growth under arid conditions","Journal of Plant Ecology","10.1093/jpe/rtr011","https://doi.org/10.1093/jpe/rtr011","doi_resolved","moderate","1","unique plant-soil topical candidate for exact first author and year","Resolution is bibliographic only; it does not replace primary-method hop coding."
"Morrien et al. 2011","2011","unresolved:morrien-et-al-2011-2011","30","HU","Figure A1","","","","","","unresolved","unresolved","0","no exact first-author/year candidate was retained","Candidate evidence is preserved in source-candidates.json; no bibliographic identity is asserted."
"Wagner et al. 2011","2011","unresolved:wagner-et-al-2011-2011","10","H2","Figure S1","","","","","","ambiguous","ambiguous","4","multiple plausible exact-author/year candidates remain; no unique evidence-supported choice","Candidate evidence is preserved in source-candidates.json; no bibliographic identity is asserted."
"Yelenik,2011","2011","doi:10.1890/10-0465.1","20","H1","Xi et al. 2021","Yelenik,2011. The role of plant–soil feedbacks in driving native-species recovery. Ecology. https://doi.org/10.1890/10-0465.1","The role of plant–soil feedbacks in driving native-species recovery","Ecology","10.1890/10-0465.1","https://doi.org/10.1890/10-0465.1","doi_resolved","moderate","1","unique plant-soil topical candidate for exact first author and year","Resolution is bibliographic only; it does not replace primary-method hop coding."
"van de Voorde,2011","2011","doi:10.1111/j.1365-2745.2011.01815.x","30","HU","Xi et al. 2021","van de Voorde,2011. Intra- and interspecific plant-soil interactions, soil legacies and priority effects during old-field succession. Journal of Ecology. https://doi.org/10.1111/j.1365-2745.2011.01815.x","Intra- and interspecific plant-soil interactions, soil legacies and priority effects during old-field succession","Journal of Ecology","10.1111/j.1365-2745.2011.01815.x","https://doi.org/10.1111/j.1365-2745.2011.01815.x","doi_resolved","high","3","unique candidate present in published PSF reference pool(s): C","Resolution is bibliographic only; it does not replace primary-method hop coding."
"Gao 2012","2012","unresolved:gao-2012-2012","20","H2","Figure 3.9","","","","","","ambiguous","ambiguous","7","multiple plausible exact-author/year candidates remain; no unique evidence-supported choice","Candidate evidence is preserved in source-candidates.json; no bibliographic identity is asserted."
"Perkins and Nowak,2012","2012","unresolved:perkins-and-nowak-2012-2012","12","HU","Figure 2","","","","","","ambiguous","ambiguous","3","multiple plausible exact-author/year candidates remain; no unique evidence-supported choice","Candidate evidence is preserved in source-candidates.json; no bibliographic identity is asserted."
"Reinhart 2012 Ecology","2012","doi:10.1890/12-0486.1","46","HU","Figure 1","Reinhart 2012 Ecology. The organization of plant communities: negative plant–soil feedbacks and semiarid grasslands. Ecology. https://doi.org/10.1890/12-0486.1","The organization of plant communities: negative plant–soil feedbacks and semiarid grasslands","Ecology","10.1890/12-0486.1","https://doi.org/10.1890/12-0486.1","doi_resolved","high","5","raw label journal suffix uniquely matched Ecology","Resolution is bibliographic only; it does not replace primary-method hop coding."
"Reinhart et al. 2012","2012","doi:10.1111/j.1461-0248.2012.01786.x","6","H2","Figure 1","Reinhart et al. 2012. Predicting plant responses to mycorrhizae: integrating evolutionary history and plant traits. Ecology Letters. https://doi.org/10.1111/j.1461-0248.2012.01786.x","Predicting plant responses to mycorrhizae: integrating evolutionary history and plant traits","Ecology Letters","10.1111/j.1461-0248.2012.01786.x","https://doi.org/10.1111/j.1461-0248.2012.01786.x","doi_resolved","high","5","unique candidate present in published PSF reference pool(s): C","Resolution is bibliographic only; it does not replace primary-method hop coding."
"Schradin,2012","2012","doi:10.3390/f3040903","16","HU","Figure 1 | Figure 2 | Xi et al. 2021","Schradin,2012. The Sign and Strength of Plant-Soil Feedback for the Invasive Shrub, Lonicera maackii, Varies in Different Soils. Forests. https://doi.org/10.3390/f3040903","The Sign and Strength of Plant-Soil Feedback for the Invasive Shrub, Lonicera maackii, Varies in Different Soils","Forests","10.3390/f3040903","https://doi.org/10.3390/f3040903","doi_resolved","high","1","unique candidate present in published PSF reference pool(s): X","Resolution is bibliographic only; it does not replace primary-method hop coding."
"Shannon et al. 2012","2012","unresolved:shannon-et-al-2012-2012","2","H2","Figure 3","","","","","","unresolved","unresolved","0","no exact first-author/year candidate was retained","Candidate evidence is preserved in source-candidates.json; no bibliographic identity is asserted."
"Smith,2012","2012","unresolved:smith-2012-2012","2","HU","Xi et al. 2021","","","","","","ambiguous","ambiguous","10","multiple plausible exact-author/year candidates remain; no unique evidence-supported choice","Candidate evidence is preserved in source-candidates.json; no bibliographic identity is asserted."
"Bajpai et al. 2013","2013","doi:10.1093/aobpla/plt045","4","H2","Figure 1A","Bajpai et al. 2013. Impact of nitrogen availability and soil communities on biomass accumulation of an invasive species. AoB PLANTS. https://doi.org/10.1093/aobpla/plt045","Impact of nitrogen availability and soil communities on biomass accumulation of an invasive species","AoB PLANTS","10.1093/aobpla/plt045","https://doi.org/10.1093/aobpla/plt045","doi_resolved","moderate","2","unique plant-soil topical candidate for exact first author and year","Resolution is bibliographic only; it does not replace primary-method hop coding."
"Bakker,2013","2013","doi:10.1016/j.soilbio.2013.06.007","12","H2","Xi et al. 2021","Bakker,2013. Plant monocultures produce more antagonistic soil Streptomyces communities than high-diversity plant communities. Soil Biology and Biochemistry. https://doi.org/10.1016/j.soilbio.2013.06.007","Plant monocultures produce more antagonistic soil Streptomyces communities than high-diversity plant communities","Soil Biology and Biochemistry","10.1016/j.soilbio.2013.06.007","https://doi.org/10.1016/j.soilbio.2013.06.007","doi_resolved","high","4","unique candidate present in published PSF reference pool(s): X","Resolution is bibliographic only; it does not replace primary-method hop coding."
"Callaway,2013","2013","doi:10.1890/12-1875.1","23","H2|HU","Figure 2 | Figure 3 | Xi et al. 2021","Callaway,2013. Native congeners provide biotic resistance to invasive <i>Potentilla</i> through soil biota. Ecology. https://doi.org/10.1890/12-1875.1","Native congeners provide biotic resistance to invasive <i>Potentilla</i> through soil biota","Ecology","10.1890/12-1875.1","https://doi.org/10.1890/12-1875.1","doi_resolved","high","1","unique candidate present in published PSF reference pool(s): X","Resolution is bibliographic only; it does not replace primary-method hop coding."
"Hawkes,2013","2013","unresolved:hawkes-2013-2013","16","HU","Xi et al. 2021","","","","","","unresolved","unresolved","0","no exact first-author/year candidate was retained","Candidate evidence is preserved in source-candidates.json; no bibliographic identity is asserted."
"Hendriks,2013","2013","doi:10.1111/1365-2745.12032","32","HU","Figure 3 | Xi et al. 2021","Hendriks,2013. Independent variations of plant and soil mixtures reveal soil feedback effects on plant community overyielding. Journal of Ecology. https://doi.org/10.1111/1365-2745.12032","Independent variations of plant and soil mixtures reveal soil feedback effects on plant community overyielding","Journal of Ecology","10.1111/1365-2745.12032","https://doi.org/10.1111/1365-2745.12032","doi_resolved","moderate","2","unique plant-soil topical candidate for exact first author and year","Resolution is bibliographic only; it does not replace primary-method hop coding."
"Li et al. 2013","2013","doi:10.1007/s11368-013-0652-z","3","HU","Figure 1 | Figure 2","Li et al. 2013. Succession of plant and soil microbial communities with restoration of abandoned land in the Loess Plateau, China. Journal of Soils and Sediments. https://doi.org/10.1007/s11368-013-0652-z","Succession of plant and soil microbial communities with restoration of abandoned land in the Loess Plateau, China","Journal of Soils and Sediments","10.1007/s11368-013-0652-z","https://doi.org/10.1007/s11368-013-0652-z","doi_resolved","moderate","7","unique plant-soil topical candidate for exact first author and year","Resolution is bibliographic only; it does not replace primary-method hop coding."
"Pendergast IV et al. 2013","2013","unresolved:pendergast-iv-et-al-2013-2013","16","HU","Figure S1 | Xi et al. 2021","","","","","","unresolved","unresolved","0","no exact first-author/year candidate was retained","Candidate evidence is preserved in source-candidates.json; no bibliographic identity is asserted."
"Perkins and Nowak,2013","2013","unresolved:perkins-and-nowak-2013-2013","98","HU","Crowford2019","","","","","","ambiguous","ambiguous","2","multiple plausible exact-author/year candidates remain; no unique evidence-supported choice","Candidate evidence is preserved in source-candidates.json; no bibliographic identity is asserted."
"Rodríguez-Echeverría,2013,PE","2013","doi:10.1007/s11258-013-0238-2","4","H2","Xi et al. 2021","Rodríguez-Echeverría,2013,PE. The effect of soil legacy on competition and invasion by Acacia dealbata Link. Plant Ecology. https://doi.org/10.1007/s11258-013-0238-2","The effect of soil legacy on competition and invasion by Acacia dealbata Link","Plant Ecology","10.1007/s11258-013-0238-2","https://doi.org/10.1007/s11258-013-0238-2","doi_resolved","high","2","raw label journal suffix uniquely matched Plant Ecology","Resolution is bibliographic only; it does not replace primary-method hop coding."
"Gundale et al. 2014","2014","doi:10.1111/nph.12699","2","H2","Figure 2","Gundale et al. 2014. Interactions with soil biota shift from negative to positive when a tree species is moved outside its native range. New Phytologist. https://doi.org/10.1111/nph.12699","Interactions with soil biota shift from negative to positive when a tree species is moved outside its native range","New Phytologist","10.1111/nph.12699","https://doi.org/10.1111/nph.12699","doi_resolved","moderate","1","unique plant-soil topical candidate for exact first author and year","Resolution is bibliographic only; it does not replace primary-method hop coding."
"Maron et al. 2014","2014","unresolved:maron-et-al-2014-2014","12","HU","Appendix S1","","","","","","ambiguous","ambiguous","2","multiple plausible exact-author/year candidates remain; no unique evidence-supported choice","Candidate evidence is preserved in source-candidates.json; no bibliographic identity is asserted."
"Mo 2014","2014","unresolved:mo-2014-2014","4","H2","Figure 4-10","","","","","","ambiguous","ambiguous","1","multiple plausible exact-author/year candidates remain; no unique evidence-supported choice","Candidate evidence is preserved in source-candidates.json; no bibliographic identity is asserted."
"Pizano et al. 2014","2014","doi:10.1111/oik.01032","3","H2","Figure A1","Pizano et al. 2014. Habitat‐specific positive and negative effects of soil biota on seedling growth in a fragmented tropical montane landscape. Oikos. https://doi.org/10.1111/oik.01032","Habitat‐specific positive and negative effects of soil biota on seedling growth in a fragmented tropical montane landscape","Oikos","10.1111/oik.01032","https://doi.org/10.1111/oik.01032","doi_resolved","moderate","2","unique plant-soil topical candidate for exact first author and year","Resolution is bibliographic only; it does not replace primary-method hop coding."
"Porazinska,2014","2014","doi:10.1016/j.soilbio.2014.06.004","2","H2","Xi et al. 2021","Porazinska,2014. Plant invasions from a belowground nematocentric perspective. Soil Biology and Biochemistry. https://doi.org/10.1016/j.soilbio.2014.06.004","Plant invasions from a belowground nematocentric perspective","Soil Biology and Biochemistry","10.1016/j.soilbio.2014.06.004","https://doi.org/10.1016/j.soilbio.2014.06.004","doi_resolved","high","2","unique candidate present in published PSF reference pool(s): X","Resolution is bibliographic only; it does not replace primary-method hop coding."
"Schittko et al. 2014","2014","unresolved:schittko-et-al-2014-2014","12","H2","Figure 2","","","","","","ambiguous","ambiguous","1","multiple plausible exact-author/year candidates remain; no unique evidence-supported choice","Candidate evidence is preserved in source-candidates.json; no bibliographic identity is asserted."
"Xiao et al. 2014","2014","unresolved:xiao-et-al-2014-2014","2","H2","Figure 1","","","","","","ambiguous","ambiguous","5","multiple plausible exact-author/year candidates remain; no unique evidence-supported choice","Candidate evidence is preserved in source-candidates.json; no bibliographic identity is asserted."
"Hendriks,2015,NP","2015","doi:10.1111/nph.13394","96","HU","Figure 4 | Figure S4","Hendriks,2015,NP. Spatial heterogeneity of plant–soil feedback affects root interactions and interspecific competition. New Phytologist. https://doi.org/10.1111/nph.13394","Spatial heterogeneity of plant–soil feedback affects root interactions and interspecific competition","New Phytologist","10.1111/nph.13394","https://doi.org/10.1111/nph.13394","doi_resolved","high","1","raw label journal suffix uniquely matched New Phytologist","Resolution is bibliographic only; it does not replace primary-method hop coding."
"Kim et al. 2015","2015","unresolved:kim-et-al-2015-2015","7","H2","Figure 3-3","","","","","","ambiguous","ambiguous","6","multiple plausible exact-author/year candidates remain; no unique evidence-supported choice","Candidate evidence is preserved in source-candidates.json; no bibliographic identity is asserted."
"Kos et al. 2015 JE","2015","doi:10.1111/1365-2745.12402","22","HU","Figure 2","Kos et al. 2015 JE. Species‐specific plant–soil feedback effects on above‐ground plant–insect interactions. Journal of Ecology. https://doi.org/10.1111/1365-2745.12402","Species‐specific plant–soil feedback effects on above‐ground plant–insect interactions","Journal of Ecology","10.1111/1365-2745.12402","https://doi.org/10.1111/1365-2745.12402","doi_resolved","high","2","raw label journal suffix uniquely matched Journal of Ecology","Resolution is bibliographic only; it does not replace primary-method hop coding."
"Kos et al. 2015 Oikos","2015","doi:10.1111/1365-2745.12402","4","HU","Figure A2","Kos et al. 2015 Oikos. Species‐specific plant–soil feedback effects on above‐ground plant–insect interactions. Journal of Ecology. https://doi.org/10.1111/1365-2745.12402","Species‐specific plant–soil feedback effects on above‐ground plant–insect interactions","Journal of Ecology","10.1111/1365-2745.12402","https://doi.org/10.1111/1365-2745.12402","doi_resolved","moderate","2","unique plant-soil topical candidate for exact first author and year","Resolution is bibliographic only; it does not replace primary-method hop coding."
"Kuebbing et al. 2015","2015","doi:10.1890/14-2006.1","6","HU","Table A4","Kuebbing et al. 2015. Plant–soil interactions promote co‐occurrence of three nonnative woody shrubs. Ecology. https://doi.org/10.1890/14-2006.1","Plant–soil interactions promote co‐occurrence of three nonnative woody shrubs","Ecology","10.1890/14-2006.1","https://doi.org/10.1890/14-2006.1","doi_resolved","moderate","2","unique plant-soil topical candidate for exact first author and year","Resolution is bibliographic only; it does not replace primary-method hop coding."
"Lalibert_x0001_e et al. 2015","2015","unresolved:lalibert-x0001-e-et-al-2015-2015","2","H2","Figure 5c","","","","","","unresolved","unresolved","0","no exact first-author/year candidate was retained","Candidate evidence is preserved in source-candidates.json; no bibliographic identity is asserted."
"Larios et al. 2015","2015","doi:10.1093/aobpla/plu077","12","H2","Figure S1","Larios et al. 2015. Competition and soil resource environment alter plant–soil feedbacks for native and exotic grasses. AoB PLANTS. https://doi.org/10.1093/aobpla/plu077","Competition and soil resource environment alter plant–soil feedbacks for native and exotic grasses","AoB PLANTS","10.1093/aobpla/plu077","https://doi.org/10.1093/aobpla/plu077","doi_resolved","moderate","1","unique plant-soil topical candidate for exact first author and year","Resolution is bibliographic only; it does not replace primary-method hop coding."
"Liang et al. 2015","2015","doi:10.1016/j.ecoleng.2015.04.089","36","H2","Figure 2","Liang et al. 2015. Influence of plant communities and soil properties during natural vegetation restoration on arbuscular mycorrhizal fungal communities in a karst region. Ecological Engineering. https://doi.org/10.1016/j.ecoleng.2015.04.089","Influence of plant communities and soil properties during natural vegetation restoration on arbuscular mycorrhizal fungal communities in a karst region","Ecological Engineering","10.1016/j.ecoleng.2015.04.089","https://doi.org/10.1016/j.ecoleng.2015.04.089","doi_resolved","moderate","5","unique plant-soil topical candidate for exact first author and year","Resolution is bibliographic only; it does not replace primary-method hop coding."
"Maron et al. 2015","2015","doi:10.1007/s00442-015-3350-2","1","HU","Figure 1","Maron et al. 2015. Do exotic plants lose resistance to pathogenic soil biota from their native range? A test with Solidago gigantea. Oecologia. https://doi.org/10.1007/s00442-015-3350-2","Do exotic plants lose resistance to pathogenic soil biota from their native range? A test with Solidago gigantea","Oecologia","10.1007/s00442-015-3350-2","https://doi.org/10.1007/s00442-015-3350-2","doi_resolved","moderate","1","unique plant-soil topical candidate for exact first author and year","Resolution is bibliographic only; it does not replace primary-method hop coding."
"Orozco-Aceves,2015a PS","2015","doi:10.1007/s11104-015-2390-z","2","HU","Figure 3","Orozco-Aceves,2015a PS. Soil conditioning and plant-soil feedbacks in a modified forest ecosystem are soil-context dependent. Plant and Soil. https://doi.org/10.1007/s11104-015-2390-z","Soil conditioning and plant-soil feedbacks in a modified forest ecosystem are soil-context dependent","Plant and Soil","10.1007/s11104-015-2390-z","https://doi.org/10.1007/s11104-015-2390-z","doi_resolved","high","2","raw label journal suffix uniquely matched Plant and Soil","Resolution is bibliographic only; it does not replace primary-method hop coding."
"Sanderson,2015","2015","unresolved:sanderson-2015-2015","4","HU","Xi et al. 2021","","","","","","ambiguous","ambiguous","1","multiple plausible exact-author/year candidates remain; no unique evidence-supported choice","Candidate evidence is preserved in source-candidates.json; no bibliographic identity is asserted."
"Smith, 2015 Ecology","2015","doi:10.1890/14-2150.1","18","HU","Xi et al. 2021","Smith, 2015 Ecology. Plant–soil feedbacks shift from negative to positive with decreasing light in forest understory species. Ecology. https://doi.org/10.1890/14-2150.1","Plant–soil feedbacks shift from negative to positive with decreasing light in forest understory species","Ecology","10.1890/14-2150.1","https://doi.org/10.1890/14-2150.1","doi_resolved","high","12","raw label journal suffix uniquely matched Ecology","Resolution is bibliographic only; it does not replace primary-method hop coding."
"Wagg et al. 2015","2015","doi:10.1111/1365-2745.12452","4","H2","Appendix 3 | Figure 1","Wagg et al. 2015. Complementarity in both plant and mycorrhizal fungal communities are not necessarily increased by diversity in the other. Journal of Ecology. https://doi.org/10.1111/1365-2745.12452","Complementarity in both plant and mycorrhizal fungal communities are not necessarily increased by diversity in the other","Journal of Ecology","10.1111/1365-2745.12452","https://doi.org/10.1111/1365-2745.12452","doi_resolved","moderate","1","unique plant-soil topical candidate for exact first author and year","Resolution is bibliographic only; it does not replace primary-method hop coding."
"Bayandala et al. 2016","2016","unresolved:bayandala-et-al-2016-2016","4","H1","Original data","","","","","","unresolved","unresolved","0","no exact first-author/year candidate was retained","Candidate evidence is preserved in source-candidates.json; no bibliographic identity is asserted."
"Bergmann et al. 2016","2016","doi:10.1002/ece3.2456","18","HU","Authors","Bergmann et al. 2016. The interplay between soil structure, roots, and microbiota as a determinant of plant–soil feedback. Ecology and Evolution. https://doi.org/10.1002/ece3.2456","The interplay between soil structure, roots, and microbiota as a determinant of plant–soil feedback","Ecology and Evolution","10.1002/ece3.2456","https://doi.org/10.1002/ece3.2456","doi_resolved","moderate","2","unique plant-soil topical candidate for exact first author and year","Resolution is bibliographic only; it does not replace primary-method hop coding."
"Cortois et al. 2016","2016","doi:10.1111/1365-2745.12643","96","HU","Table S3","Cortois et al. 2016. Plant–soil feedbacks: role of plant functional group and plant traits. Journal of Ecology. https://doi.org/10.1111/1365-2745.12643","Plant–soil feedbacks: role of plant functional group and plant traits","Journal of Ecology","10.1111/1365-2745.12643","https://doi.org/10.1111/1365-2745.12643","doi_resolved","moderate","1","unique plant-soil topical candidate for exact first author and year","Resolution is bibliographic only; it does not replace primary-method hop coding."
"Dostalek,2016","2016","unresolved:dostalek-2016-2016","4","HU","Figure 1","","","","","","unresolved","unresolved","0","no exact first-author/year candidate was retained","Candidate evidence is preserved in source-candidates.json; no bibliographic identity is asserted."
"Heinze,2016","2016","doi:10.1007/s00442-016-3591-8","18","H1|H2","Xi et al. 2021","Heinze,2016. Plant-soil feedbacks: a comparative study on the relative importance of soil feedbacks in the greenhouse versus the field. Oecologia. https://doi.org/10.1007/s00442-016-3591-8","Plant-soil feedbacks: a comparative study on the relative importance of soil feedbacks in the greenhouse versus the field","Oecologia","10.1007/s00442-016-3591-8","https://doi.org/10.1007/s00442-016-3591-8","doi_resolved","high","2","unique candidate present in published PSF reference pool(s): S","Resolution is bibliographic only; it does not replace primary-method hop coding."
"Hemrova,2016","2016","unresolved:hemrova-2016-2016","28","H1|HU","Table S2 | Table S3","","","","","","unresolved","unresolved","0","no exact first-author/year candidate was retained","Candidate evidence is preserved in source-candidates.json; no bibliographic identity is asserted."
"Kuebbing et al. 2016","2016","unresolved:kuebbing-et-al-2016-2016","6","H2|HU","Table 2","","","","","","ambiguous","ambiguous","1","multiple plausible exact-author/year candidates remain; no unique evidence-supported choice","Candidate evidence is preserved in source-candidates.json; no bibliographic identity is asserted."
"Kulmatiski et al. 2016","2016","unresolved:kulmatiski-et-al-2016-2016","132","HU","Table S1","","","","","","ambiguous","ambiguous","2","multiple plausible exact-author/year candidates remain; no unique evidence-supported choice","Candidate evidence is preserved in source-candidates.json; no bibliographic identity is asserted."
"Liang et al. 2016","2016","unresolved:liang-et-al-2016-2016","6","H2","Figure 1","","","","","","ambiguous","ambiguous","7","multiple plausible exact-author/year candidates remain; no unique evidence-supported choice","Candidate evidence is preserved in source-candidates.json; no bibliographic identity is asserted."
"Nagendra et al. 2016","2016","unresolved:nagendra-et-al-2016-2016","24","H2","Figure S1","","","","","","unresolved","unresolved","0","no exact first-author/year candidate was retained","Candidate evidence is preserved in source-candidates.json; no bibliographic identity is asserted."
"Pattison,2016","2016","doi:10.1111/wre.12200","1","HU","Xi et al. 2021","Pattison,2016. Positive plant–soil feedbacks of the invasive <i>Impatiens glandulifera</i> and their effects on above‐ground microbial communities. Weed Research. https://doi.org/10.1111/wre.12200","Positive plant–soil feedbacks of the invasive <i>Impatiens glandulifera</i> and their effects on above‐ground microbial communities","Weed Research","10.1111/wre.12200","https://doi.org/10.1111/wre.12200","doi_resolved","high","1","unique candidate present in published PSF reference pool(s): X","Resolution is bibliographic only; it does not replace primary-method hop coding."
"Perkins,2016","2016","unresolved:perkins-2016-2016","12","HU","Xi et al. 2021","","","","","","unresolved","unresolved","0","no exact first-author/year candidate was retained","Candidate evidence is preserved in source-candidates.json; no bibliographic identity is asserted."
"Rigg et al. 2016","2016","unresolved:rigg-et-al-2016-2016","20","H2","Original data","","","","","","ambiguous","ambiguous","2","multiple plausible exact-author/year candidates remain; no unique evidence-supported choice","Candidate evidence is preserved in source-candidates.json; no bibliographic identity is asserted."
"Rutten et al. 2016","2016","doi:10.1890/15-1316.1","24","H2","Author","Rutten et al. 2016. Plant–soil feedback in East‐African savanna trees. Ecology. https://doi.org/10.1890/15-1316.1","Plant–soil feedback in East‐African savanna trees","Ecology","10.1890/15-1316.1","https://doi.org/10.1890/15-1316.1","doi_resolved","moderate","1","unique plant-soil topical candidate for exact first author and year","Resolution is bibliographic only; it does not replace primary-method hop coding."
"Schittko et al. 2016","2016","doi:10.1111/1365-2745.12603","16","H1|H2","Original data","Schittko et al. 2016. No evidence that plant–soil feedback effects of native and invasive plant species under glasshouse conditions are reflected in the field. Journal of Ecology. https://doi.org/10.1111/1365-2745.12603","No evidence that plant–soil feedback effects of native and invasive plant species under glasshouse conditions are reflected in the field","Journal of Ecology","10.1111/1365-2745.12603","https://doi.org/10.1111/1365-2745.12603","doi_resolved","moderate","1","unique plant-soil topical candidate for exact first author and year","Resolution is bibliographic only; it does not replace primary-method hop coding."
"Wubs, 2016","2016","doi:10.1038/nplants.2016.107","30","HU","Original data","Wubs, 2016. Soil inoculation steers restoration of terrestrial ecosystems. Nature Plants. https://doi.org/10.1038/nplants.2016.107","Soil inoculation steers restoration of terrestrial ecosystems","Nature Plants","10.1038/nplants.2016.107","https://doi.org/10.1038/nplants.2016.107","doi_resolved","high","2","unique candidate present in published PSF reference pool(s): X","Resolution is bibliographic only; it does not replace primary-method hop coding."
"Aguilera et al. 2017","2017","doi:10.1007/s11258-016-0697-3","1","HU","Figure 3","Aguilera et al. 2017. Effect of plant–soil feedbacks on the growth and competition of Lactuca species. Plant Ecology. https://doi.org/10.1007/s11258-016-0697-3","Effect of plant–soil feedbacks on the growth and competition of Lactuca species","Plant Ecology","10.1007/s11258-016-0697-3","https://doi.org/10.1007/s11258-016-0697-3","doi_resolved","moderate","1","unique plant-soil topical candidate for exact first author and year","Resolution is bibliographic only; it does not replace primary-method hop coding."
"Bauer,2017","2017","doi:10.1111/1365-2664.12937","72","HU","Xi et al. 2021","Bauer,2017. Effects of between‐site variation in soil microbial communities and plant‐soil feedbacks on the productivity and composition of plant communities. Journal of Applied Ecology. https://doi.org/10.1111/1365-2664.12937","Effects of between‐site variation in soil microbial communities and plant‐soil feedbacks on the productivity and composition of plant communities","Journal of Applied Ecology","10.1111/1365-2664.12937","https://doi.org/10.1111/1365-2664.12937","doi_resolved","moderate","5","unique plant-soil topical candidate for exact first author and year","Resolution is bibliographic only; it does not replace primary-method hop coding."
"Bennett et al. 2017","2017","doi:10.1126/science.aai8212","55","H2","Apendix","Bennett et al. 2017. Plant-soil feedbacks and mycorrhizal type influence temperate forest population dynamics. Science. https://doi.org/10.1126/science.aai8212","Plant-soil feedbacks and mycorrhizal type influence temperate forest population dynamics","Science","10.1126/science.aai8212","https://doi.org/10.1126/science.aai8212","doi_resolved","high","5","unique candidate present in published PSF reference pool(s): SX","Resolution is bibliographic only; it does not replace primary-method hop coding."
"Crawford-Knight,2017","2017","unresolved:crawford-knight-2017-2017","2","HU","Xi et al. 2021","","","","","","ambiguous","ambiguous","1","multiple plausible exact-author/year candidates remain; no unique evidence-supported choice","Candidate evidence is preserved in source-candidates.json; no bibliographic identity is asserted."
"Fitzpatrick,2017","2017","doi:10.1111/1365-2745.12709","406","HU","Original data","Fitzpatrick,2017. Phylogenetic relatedness, phenotypic similarity and plant–soil feedbacks. Journal of Ecology. https://doi.org/10.1111/1365-2745.12709","Phylogenetic relatedness, phenotypic similarity and plant–soil feedbacks","Journal of Ecology","10.1111/1365-2745.12709","https://doi.org/10.1111/1365-2745.12709","doi_resolved","high","3","unique candidate present in published PSF reference pool(s): C","Resolution is bibliographic only; it does not replace primary-method hop coding."
"Gomez-Aparicio et al. 2017","2017","unresolved:gomez-aparicio-et-al-2017-2017","8","H2","Figure 1","","","","","","ambiguous","ambiguous","1","multiple plausible exact-author/year candidates remain; no unique evidence-supported choice","Candidate evidence is preserved in source-candidates.json; no bibliographic identity is asserted."
"Kulmatiski et al. 2017","2017","doi:10.1002/ecy.2011","12","HU","Table S1","Kulmatiski et al. 2017. Live long and prosper: plant–soil feedback, lifespan, and landscape abundance covary. Ecology. https://doi.org/10.1002/ecy.2011","Live long and prosper: plant–soil feedback, lifespan, and landscape abundance covary","Ecology","10.1002/ecy.2011","https://doi.org/10.1002/ecy.2011","doi_resolved","high","2","unique candidate present in published PSF reference pool(s): X","Resolution is bibliographic only; it does not replace primary-method hop coding."
"Orozco-Aceves,2017","2017","doi:10.1016/j.ecoleng.2017.06.004","4","H2","Xi et al. 2021","Orozco-Aceves,2017. Correlation between soil development and native plant growth in forest restoration after surface mining. Ecological Engineering. https://doi.org/10.1016/j.ecoleng.2017.06.004","Correlation between soil development and native plant growth in forest restoration after surface mining","Ecological Engineering","10.1016/j.ecoleng.2017.06.004","https://doi.org/10.1016/j.ecoleng.2017.06.004","doi_resolved","high","1","unique candidate present in published PSF reference pool(s): X","Resolution is bibliographic only; it does not replace primary-method hop coding."
"Semchenko et al. 2017","2017","doi:10.1111/nph.14653","4","HU","Original data","Semchenko et al. 2017. Intraspecific genetic diversity modulates plant–soil feedback and nutrient cycling. New Phytologist. https://doi.org/10.1111/nph.14653","Intraspecific genetic diversity modulates plant–soil feedback and nutrient cycling","New Phytologist","10.1111/nph.14653","https://doi.org/10.1111/nph.14653","doi_resolved","moderate","2","unique plant-soil topical candidate for exact first author and year","Resolution is bibliographic only; it does not replace primary-method hop coding."
"Su et al. 2017","2017","doi:10.1016/j.apsoil.2017.09.039","21","HU","Table 6-4","Su et al. 2017. Novel soil fumigation strategy suppressed plant-parasitic nematodes associated with soil nematode community alterations in the field. Applied Soil Ecology. https://doi.org/10.1016/j.apsoil.2017.09.039","Novel soil fumigation strategy suppressed plant-parasitic nematodes associated with soil nematode community alterations in the field","Applied Soil Ecology","10.1016/j.apsoil.2017.09.039","https://doi.org/10.1016/j.apsoil.2017.09.039","doi_resolved","moderate","7","unique plant-soil topical candidate for exact first author and year","Resolution is bibliographic only; it does not replace primary-method hop coding."
"Teste et al. 2017","2017","doi:10.1126/science.aai8291","32","H2","Apendix","Teste et al. 2017. Plant-soil feedback and the maintenance of diversity in Mediterranean-climate shrublands. Science. https://doi.org/10.1126/science.aai8291","Plant-soil feedback and the maintenance of diversity in Mediterranean-climate shrublands","Science","10.1126/science.aai8291","https://doi.org/10.1126/science.aai8291","doi_resolved","high","1","unique candidate present in published PSF reference pool(s): SX","Resolution is bibliographic only; it does not replace primary-method hop coding."
"Vink et al. 2017","2017","unresolved:vink-et-al-2017-2017","240","HU","Original data","","","","","","unresolved","unresolved","0","no exact first-author/year candidate was retained","Candidate evidence is preserved in source-candidates.json; no bibliographic identity is asserted."
"Xin et al. 2017","2017","unresolved:xin-et-al-2017-2017","4","H2","Figure 3-2","","","","","","unresolved","unresolved","0","no exact first-author/year candidate was retained","Candidate evidence is preserved in source-candidates.json; no bibliographic identity is asserted."
"van Nuland,2017","2017","doi:10.1038/s41559-017-0150","56","H2","Apendix","van Nuland,2017. Divergent plant–soil feedbacks could alter future elevation ranges and ecosystem dynamics. Nature Ecology &amp; Evolution. https://doi.org/10.1038/s41559-017-0150","Divergent plant–soil feedbacks could alter future elevation ranges and ecosystem dynamics","Nature Ecology &amp; Evolution","10.1038/s41559-017-0150","https://doi.org/10.1038/s41559-017-0150","doi_resolved","moderate","1","unique plant-soil topical candidate for exact first author and year","Resolution is bibliographic only; it does not replace primary-method hop coding."
"Ai et al. 2018","2018","unresolved:ai-et-al-2018-2018","6","H2","Figure 3.13 | Figure 3.3 | Figure 3.8","","","","","","ambiguous","ambiguous","3","multiple plausible exact-author/year candidates remain; no unique evidence-supported choice","Candidate evidence is preserved in source-candidates.json; no bibliographic identity is asserted."
"Bezemer,2018","2018","doi:10.1111/1365-2745.12999","160","HU","Original data","Bezemer,2018. Plant competition alters the temporal dynamics of plant‐soil feedbacks. Journal of Ecology. https://doi.org/10.1111/1365-2745.12999","Plant competition alters the temporal dynamics of plant‐soil feedbacks","Journal of Ecology","10.1111/1365-2745.12999","https://doi.org/10.1111/1365-2745.12999","doi_resolved","moderate","1","unique plant-soil topical candidate for exact first author and year","Resolution is bibliographic only; it does not replace primary-method hop coding."
"Chen et al. 2018","2018","unresolved:chen-et-al-2018-2018","4","H2","Figure 3 | Figure 5","","","","","","ambiguous","ambiguous","8","multiple plausible exact-author/year candidates remain; no unique evidence-supported choice","Candidate evidence is preserved in source-candidates.json; no bibliographic identity is asserted."
"Dudenhoeffer et al. 2018","2018","unresolved:dudenhoeffer-et-al-2018-2018","9","HU","Original data","","","","","","unresolved","unresolved","0","no exact first-author/year candidate was retained","Candidate evidence is preserved in source-candidates.json; no bibliographic identity is asserted."
"Fry,2018","2018","doi:10.1007/s00442-018-4082-x","8","HU","Figure 2 | Figure 4","Fry,2018. Drought neutralises plant–soil feedback of two mesic grassland forbs. Oecologia. https://doi.org/10.1007/s00442-018-4082-x","Drought neutralises plant–soil feedback of two mesic grassland forbs","Oecologia","10.1007/s00442-018-4082-x","https://doi.org/10.1007/s00442-018-4082-x","doi_resolved","moderate","7","unique plant-soil topical candidate for exact first author and year","Resolution is bibliographic only; it does not replace primary-method hop coding."
"Heinen et al. 2018","2018","unresolved:heinen-et-al-2018-2018","168","HU","Original data","","","","","","ambiguous","ambiguous","1","multiple plausible exact-author/year candidates remain; no unique evidence-supported choice","Candidate evidence is preserved in source-candidates.json; no bibliographic identity is asserted."
"Heinze-Joshi,2018","2018","unresolved:heinze-joshi-2018-2018","12","H1","Xi et al. 2021","","","","","","ambiguous","ambiguous","9","multiple plausible exact-author/year candidates remain; no unique evidence-supported choice","Candidate evidence is preserved in source-candidates.json; no bibliographic identity is asserted."
"Kadowaki et al. 2018","2018","doi:10.1038/s42003-018-0201-9","7","HU","Apendix","Kadowaki et al. 2018. Mycorrhizal fungi mediate the direction and strength of plant–soil feedbacks differently between arbuscular mycorrhizal and ectomycorrhizal communities. Communications Biology. https://doi.org/10.1038/s42003-018-0201-9","Mycorrhizal fungi mediate the direction and strength of plant–soil feedbacks differently between arbuscular mycorrhizal and ectomycorrhizal communities","Communications Biology","10.1038/s42003-018-0201-9","https://doi.org/10.1038/s42003-018-0201-9","doi_resolved","moderate","1","unique plant-soil topical candidate for exact first author and year","Resolution is bibliographic only; it does not replace primary-method hop coding."
"Kembel et al. 2018","2018","unresolved:kembel-et-al-2018-2018","94","HU","Authors","","","","","","unresolved","unresolved","0","no exact first-author/year candidate was retained","Candidate evidence is preserved in source-candidates.json; no bibliographic identity is asserted."
"Kutakova et al. 2018","2018","unresolved:kutakova-et-al-2018-2018","8","HU","Original data","","","","","","unresolved","unresolved","0","no exact first-author/year candidate was retained","Candidate evidence is preserved in source-candidates.json; no bibliographic identity is asserted."
"Le Roux et al. 2018","2018","doi:10.1111/1365-2745.12965","7","H2","Original data","Le Roux et al. 2018. Importance of soil legacy effects and successful mutualistic interactions during Australian acacia invasions in nutrient‐poor environments. Journal of Ecology. https://doi.org/10.1111/1365-2745.12965","Importance of soil legacy effects and successful mutualistic interactions during Australian acacia invasions in nutrient‐poor environments","Journal of Ecology","10.1111/1365-2745.12965","https://doi.org/10.1111/1365-2745.12965","doi_resolved","moderate","3","unique plant-soil topical candidate for exact first author and year","Resolution is bibliographic only; it does not replace primary-method hop coding."
"Lepinay,2018","2018","unresolved:lepinay-2018-2018","4","HU","Xi et al. 2021","","","","","","unresolved","unresolved","0","no exact first-author/year candidate was retained","Candidate evidence is preserved in source-candidates.json; no bibliographic identity is asserted."
"McGinn et al. 2018","2018","unresolved:mcginn-et-al-2018-2018","75","H2","Original data","","","","","","ambiguous","ambiguous","1","multiple plausible exact-author/year candidates remain; no unique evidence-supported choice","Candidate evidence is preserved in source-candidates.json; no bibliographic identity is asserted."
"Pfennigwerth et al. 2018","2018","unresolved:pfennigwerth-et-al-2018-2018","29","H2","Apendix","","","","","","unresolved","unresolved","0","no exact first-author/year candidate was retained","Candidate evidence is preserved in source-candidates.json; no bibliographic identity is asserted."
"Png et al. 2018","2018","doi:10.1111/1365-2745.13048","48","H2","Apendix","Png et al. 2018. Biotic and abiotic plant–soil feedback depends on nitrogen‐acquisition strategy and shifts during long‐term ecosystem development. Journal of Ecology. https://doi.org/10.1111/1365-2745.13048","Biotic and abiotic plant–soil feedback depends on nitrogen‐acquisition strategy and shifts during long‐term ecosystem development","Journal of Ecology","10.1111/1365-2745.13048","https://doi.org/10.1111/1365-2745.13048","doi_resolved","moderate","1","unique plant-soil topical candidate for exact first author and year","Resolution is bibliographic only; it does not replace primary-method hop coding."
"Qu et al. 2018","2018","unresolved:qu-et-al-2018-2018","12","HU","Figure 1","","","","","","ambiguous","ambiguous","4","multiple plausible exact-author/year candidates remain; no unique evidence-supported choice","Candidate evidence is preserved in source-candidates.json; no bibliographic identity is asserted."
"Rutten et al. 2018","2018","doi:10.1007/s11104-018-3567-z","2","H2","Apendix","Rutten et al. 2018. Plant-soil feedbacks and root responses of two Mediterranean oaks along a precipitation gradient. Plant and Soil. https://doi.org/10.1007/s11104-018-3567-z","Plant-soil feedbacks and root responses of two Mediterranean oaks along a precipitation gradient","Plant and Soil","10.1007/s11104-018-3567-z","https://doi.org/10.1007/s11104-018-3567-z","doi_resolved","moderate","1","unique plant-soil topical candidate for exact first author and year","Resolution is bibliographic only; it does not replace primary-method hop coding."
"Semchenko et al. 2018","2018","doi:10.1126/sciadv.aau4578","28","HU","Original data","Semchenko et al. 2018. Fungal diversity regulates plant-soil feedbacks in temperate grassland. Science Advances. https://doi.org/10.1126/sciadv.aau4578","Fungal diversity regulates plant-soil feedbacks in temperate grassland","Science Advances","10.1126/sciadv.aau4578","https://doi.org/10.1126/sciadv.aau4578","doi_resolved","high","1","unique candidate present in published PSF reference pool(s): X","Resolution is bibliographic only; it does not replace primary-method hop coding."
"Stotz, 2018","2018","unresolved:stotz-2018-2018","1","H2","Xi et al. 2021","","","","","","unresolved","unresolved","0","no exact first-author/year candidate was retained","Candidate evidence is preserved in source-candidates.json; no bibliographic identity is asserted."
"Wei 2018","2018","doi:10.1016/j.scitotenv.2018.03.219","37","HU","Table 5.1","Wei 2018. Fertilizer N application rate impacts plant-soil feedback in a sanqi production system. Science of The Total Environment. https://doi.org/10.1016/j.scitotenv.2018.03.219","Fertilizer N application rate impacts plant-soil feedback in a sanqi production system","Science of The Total Environment","10.1016/j.scitotenv.2018.03.219","https://doi.org/10.1016/j.scitotenv.2018.03.219","doi_resolved","moderate","4","unique plant-soil topical candidate for exact first author and year","Resolution is bibliographic only; it does not replace primary-method hop coding."
"Wubs,2018,FE","2018","doi:10.1016/j.soilbio.2018.05.034","34","HU","Original data","Wubs,2018,FE. Two decades of altered snow cover does not affect soil microbial ability to catabolize carbon compounds in an oceanic alpine heath. Soil Biology and Biochemistry. https://doi.org/10.1016/j.soilbio.2018.05.034","Two decades of altered snow cover does not affect soil microbial ability to catabolize carbon compounds in an oceanic alpine heath","Soil Biology and Biochemistry","10.1016/j.soilbio.2018.05.034","https://doi.org/10.1016/j.soilbio.2018.05.034","doi_resolved","moderate","2","unique plant-soil topical candidate for exact first author and year","Resolution is bibliographic only; it does not replace primary-method hop coding."
"Xi et al. 2018","2018","doi:10.1016/j.envexpbot.2018.08.013","2","H2","Figure 1","Xi et al. 2018. Plant drought resistance is mediated by soil microbial community structure and soil-plant feedbacks in a savanna tree species. Environmental and Experimental Botany. https://doi.org/10.1016/j.envexpbot.2018.08.013","Plant drought resistance is mediated by soil microbial community structure and soil-plant feedbacks in a savanna tree species","Environmental and Experimental Botany","10.1016/j.envexpbot.2018.08.013","https://doi.org/10.1016/j.envexpbot.2018.08.013","doi_resolved","moderate","2","unique plant-soil topical candidate for exact first author and year","Resolution is bibliographic only; it does not replace primary-method hop coding."
"Xue,2018,PS","2018","doi:10.1007/s11104-018-3690-x","8","H2","Figure 2","Xue,2018,PS. Density-dependency and plant-soil feedback: former plant abundance influences competitive interactions between two grassland plant species through plant-soil feedbacks. Plant and Soil. https://doi.org/10.1007/s11104-018-3690-x","Density-dependency and plant-soil feedback: former plant abundance influences competitive interactions between two grassland plant species through plant-soil feedbacks","Plant and Soil","10.1007/s11104-018-3690-x","https://doi.org/10.1007/s11104-018-3690-x","doi_resolved","high","5","raw label journal suffix uniquely matched Plant and Soil","Resolution is bibliographic only; it does not replace primary-method hop coding."
"Zhao,2018","2018","doi:10.1007/s11104-018-3703-9","24","HU","Xi et al. 2021","Zhao,2018. Competition alters plant–soil feedbacks of two species in the Inner Mongolia Steppe, China. Plant and Soil. https://doi.org/10.1007/s11104-018-3703-9","Competition alters plant–soil feedbacks of two species in the Inner Mongolia Steppe, China","Plant and Soil","10.1007/s11104-018-3703-9","https://doi.org/10.1007/s11104-018-3703-9","doi_resolved","moderate","8","unique plant-soil topical candidate for exact first author and year","Resolution is bibliographic only; it does not replace primary-method hop coding."
"Chung,2019","2019","doi:10.1002/ecy.2756","4","H1","Original data","Chung,2019. Connecting plant–soil feedbacks to long‐term stability in a desert grassland. Ecology. https://doi.org/10.1002/ecy.2756","Connecting plant–soil feedbacks to long‐term stability in a desert grassland","Ecology","10.1002/ecy.2756","https://doi.org/10.1002/ecy.2756","doi_resolved","high","6","unique candidate present in published PSF reference pool(s): X","Resolution is bibliographic only; it does not replace primary-method hop coding."
"Dukes,2019","2019","unresolved:dukes-2019-2019","4","HU","Figure 2 | Figure 5","","","","","","unresolved","unresolved","0","no exact first-author/year candidate was retained","Candidate evidence is preserved in source-candidates.json; no bibliographic identity is asserted."
"Forero et al. 2019","2019","doi:10.3389/fenvs.2019.00184","518","HU","Original data","Forero et al. 2019. Greenhouse- and Field-Measured Plant-Soil Feedbacks Are Not Correlated. Frontiers in Environmental Science. https://doi.org/10.3389/fenvs.2019.00184","Greenhouse- and Field-Measured Plant-Soil Feedbacks Are Not Correlated","Frontiers in Environmental Science","10.3389/fenvs.2019.00184","https://doi.org/10.3389/fenvs.2019.00184","doi_resolved","high","2","unique candidate present in published PSF reference pool(s): S","Resolution is bibliographic only; it does not replace primary-method hop coding."
"Heinze,2019","2019","doi:10.1007/s00442-019-04442-9","72","H1","Author","Heinze,2019. The relative importance of plant-soil feedbacks for plant-species performance increases with decreasing intensity of herbivory. Oecologia. https://doi.org/10.1007/s00442-019-04442-9","The relative importance of plant-soil feedbacks for plant-species performance increases with decreasing intensity of herbivory","Oecologia","10.1007/s00442-019-04442-9","https://doi.org/10.1007/s00442-019-04442-9","doi_resolved","moderate","1","unique plant-soil topical candidate for exact first author and year","Resolution is bibliographic only; it does not replace primary-method hop coding."
"Kulmatiski, 2019","2019","doi:10.3389/fevo.2019.00326","12","HU","Table 2 | Table 3","Kulmatiski, 2019. Plant-Soil Feedbacks Predict Native but Not Non-native Plant Community Composition: A 7-Year Common-Garden Experiment. Frontiers in Ecology and Evolution. https://doi.org/10.3389/fevo.2019.00326","Plant-Soil Feedbacks Predict Native but Not Non-native Plant Community Composition: A 7-Year Common-Garden Experiment","Frontiers in Ecology and Evolution","10.3389/fevo.2019.00326","https://doi.org/10.3389/fevo.2019.00326","doi_resolved","moderate","1","unique plant-soil topical candidate for exact first author and year","Resolution is bibliographic only; it does not replace primary-method hop coding."
"Lozano.2019","2019","unresolved:lozano-2019-2019","13","H2","Figure 2 | Figure 3","","","","","","ambiguous","ambiguous","3","multiple plausible exact-author/year candidates remain; no unique evidence-supported choice","Candidate evidence is preserved in source-candidates.json; no bibliographic identity is asserted."
"Ma,2019","2019","unresolved:ma-2019-2019","6","H2","Table S7","","","","","","ambiguous","ambiguous","8","multiple plausible exact-author/year candidates remain; no unique evidence-supported choice","Candidate evidence is preserved in source-candidates.json; no bibliographic identity is asserted."
"Synder,2019","2019","unresolved:synder-2019-2019","8","HU","Figure 3 | Xi et al. 2021","","","","","","unresolved","unresolved","0","no exact first-author/year candidate was retained","Candidate evidence is preserved in source-candidates.json; no bibliographic identity is asserted."
"Wang,2019","2019","unresolved:wang-2019-2019","2","HU","Figure 2","","","","","","ambiguous","ambiguous","5","multiple plausible exact-author/year candidates remain; no unique evidence-supported choice","Candidate evidence is preserved in source-candidates.json; no bibliographic identity is asserted."
"Wilschut et al. 2019","2019","unresolved:wilschut-et-al-2019-2019","8","HU","Figure 3","","","","","","ambiguous","ambiguous","2","multiple plausible exact-author/year candidates remain; no unique evidence-supported choice","Candidate evidence is preserved in source-candidates.json; no bibliographic identity is asserted."
"Xi et al. 2019","2019","unresolved:xi-et-al-2019-2019","4","HU","Figure 1","","","","","","ambiguous","ambiguous","2","multiple plausible exact-author/year candidates remain; no unique evidence-supported choice","Candidate evidence is preserved in source-candidates.json; no bibliographic identity is asserted."
"Aldorfova,2020","2020","unresolved:aldorfova-2020-2020","68","HU","Original data","","","","","","unresolved","unresolved","0","no exact first-author/year candidate was retained","Candidate evidence is preserved in source-candidates.json; no bibliographic identity is asserted."
"Heinze,2020","2020","doi:10.1002/ecy.3023","40","H1","Author","Heinze,2020. Plant–soil feedback effects altered by aboveground herbivory explain plant species abundance in the landscape. Ecology. https://doi.org/10.1002/ecy.3023","Plant–soil feedback effects altered by aboveground herbivory explain plant species abundance in the landscape","Ecology","10.1002/ecy.3023","https://doi.org/10.1002/ecy.3023","doi_resolved","high","4","unique candidate present in published PSF reference pool(s): S","Resolution is bibliographic only; it does not replace primary-method hop coding."
"Jin et al. 2020","2020","unresolved:jin-et-al-2020-2020","2","H2|HU","Table 1","","","","","","ambiguous","ambiguous","5","multiple plausible exact-author/year candidates remain; no unique evidence-supported choice","Candidate evidence is preserved in source-candidates.json; no bibliographic identity is asserted."
"Kiniry et al. 2020","2020","doi:10.3390/agronomy10121860","4","H2","Figure 2b","Kiniry et al. 2020. Effects of Plant-Soil Feedback on Switchgrass Productivity Related to Microbial Origin. Agronomy. https://doi.org/10.3390/agronomy10121860","Effects of Plant-Soil Feedback on Switchgrass Productivity Related to Microbial Origin","Agronomy","10.3390/agronomy10121860","https://doi.org/10.3390/agronomy10121860","doi_resolved","moderate","1","unique plant-soil topical candidate for exact first author and year","Resolution is bibliographic only; it does not replace primary-method hop coding."
"Lance et al. 2020","2020","doi:10.3389/fevo.2019.00500","16","H1","Original data","Lance et al. 2020. Individual Plant-Soil Feedback Effects Influence Tree Growth and Rhizosphere Fungal Communities in a Temperate Forest Restoration Experiment. Frontiers in Ecology and Evolution. https://doi.org/10.3389/fevo.2019.00500","Individual Plant-Soil Feedback Effects Influence Tree Growth and Rhizosphere Fungal Communities in a Temperate Forest Restoration Experiment","Frontiers in Ecology and Evolution","10.3389/fevo.2019.00500","https://doi.org/10.3389/fevo.2019.00500","doi_resolved","moderate","4","unique plant-soil topical candidate for exact first author and year","Resolution is bibliographic only; it does not replace primary-method hop coding."
"Liang et al. 2020","2020","doi:10.1007/s42832-020-0052-4","30","H1","Original data","Liang et al. 2020. Soil microbial carbon pump: Mechanism and appraisal. Soil Ecology Letters. https://doi.org/10.1007/s42832-020-0052-4","Soil microbial carbon pump: Mechanism and appraisal","Soil Ecology Letters","10.1007/s42832-020-0052-4","https://doi.org/10.1007/s42832-020-0052-4","doi_resolved","moderate","3","unique plant-soil topical candidate for exact first author and year","Resolution is bibliographic only; it does not replace primary-method hop coding."
"Lucero et al. 2020","2020","unresolved:lucero-et-al-2020-2020","8","H2","Figure 2","","","","","","ambiguous","ambiguous","3","multiple plausible exact-author/year candidates remain; no unique evidence-supported choice","Candidate evidence is preserved in source-candidates.json; no bibliographic identity is asserted."
"Oschrin et al. 2020","2020","doi:10.3390/d12050201","6","HU","Figure 2 | Figure 3 | Figure 4","Oschrin et al. 2020. Interpreting Pattern in Plant-Soil Feedback Experiments with Co-occurring Invasive Species: A Graphical Framework and Case Study. Diversity. https://doi.org/10.3390/d12050201","Interpreting Pattern in Plant-Soil Feedback Experiments with Co-occurring Invasive Species: A Graphical Framework and Case Study","Diversity","10.3390/d12050201","https://doi.org/10.3390/d12050201","doi_resolved","moderate","1","unique plant-soil topical candidate for exact first author and year","Resolution is bibliographic only; it does not replace primary-method hop coding."
"Peacher et al. 2020","2020","unresolved:peacher-et-al-2020-2020","8","H2","Original data","","","","","","ambiguous","ambiguous","1","multiple plausible exact-author/year candidates remain; no unique evidence-supported choice","Candidate evidence is preserved in source-candidates.json; no bibliographic identity is asserted."
"Segnitz et al. 2020","2020","doi:10.1002/ecy.3083","71","H2","Authors","Segnitz et al. 2020. Ectomycorrhizal fungi drive positive phylogenetic plant–soil feedbacks in a regionally dominant tropical plant family. Ecology. https://doi.org/10.1002/ecy.3083","Ectomycorrhizal fungi drive positive phylogenetic plant–soil feedbacks in a regionally dominant tropical plant family","Ecology","10.1002/ecy.3083","https://doi.org/10.1002/ecy.3083","doi_resolved","moderate","1","unique plant-soil topical candidate for exact first author and year","Resolution is bibliographic only; it does not replace primary-method hop coding."
"Singh et al. 2020","2020","doi:10.3390/d12060217","6","H2","Figure 3","Singh et al. 2020. Plant-Soil Feedback Effects on Germination and Growth of Native and Non-Native Species Common across Southern California. Diversity. https://doi.org/10.3390/d12060217","Plant-Soil Feedback Effects on Germination and Growth of Native and Non-Native Species Common across Southern California","Diversity","10.3390/d12060217","https://doi.org/10.3390/d12060217","doi_resolved","moderate","9","unique plant-soil topical candidate for exact first author and year","Resolution is bibliographic only; it does not replace primary-method hop coding."
"Stein et al. 2020","2020","doi:10.1002/ecy.3147","62","HU","Figure S2b | Figure S3b","Stein et al. 2020. Soil biota increase the likelihood for coexistence among competing plant species. Ecology. https://doi.org/10.1002/ecy.3147","Soil biota increase the likelihood for coexistence among competing plant species","Ecology","10.1002/ecy.3147","https://doi.org/10.1002/ecy.3147","doi_resolved","moderate","7","unique plant-soil topical candidate for exact first author and year","Resolution is bibliographic only; it does not replace primary-method hop coding."
"Wang YK et al. 2020","2020","unresolved:wang-yk-et-al-2020-2020","32","HU","Figure 3-10 | Figure 3-11 | Figure 3-12 | Figure 3-5 | Figure 3-6 | Figure 3-7 | Figure 3-8 | Figure 3-9","","","","","","unresolved","unresolved","0","no exact first-author/year candidate was retained","Candidate evidence is preserved in source-candidates.json; no bibliographic identity is asserted."
"Wang et al. 2020","2020","unresolved:wang-et-al-2020-2020","60","HU","Figure 3","","","","","","ambiguous","ambiguous","8","multiple plausible exact-author/year candidates remain; no unique evidence-supported choice","Candidate evidence is preserved in source-candidates.json; no bibliographic identity is asserted."
"Wei et al. 2020","2020","doi:10.1007/s00442-020-04703-y","35","HU","Figure 4","Wei et al. 2020. Mixed evidence for plant–soil feedbacks in forest invasions. Oecologia. https://doi.org/10.1007/s00442-020-04703-y","Mixed evidence for plant–soil feedbacks in forest invasions","Oecologia","10.1007/s00442-020-04703-y","https://doi.org/10.1007/s00442-020-04703-y","doi_resolved","moderate","3","unique plant-soil topical candidate for exact first author and year","Resolution is bibliographic only; it does not replace primary-method hop coding."
"Werger et al. 2020","2020","doi:10.1093/aobpla/plaa050","8","H1","Original data","Werger et al. 2020. Wind intensity affects fine root morphological traits with consequences for plant-soil feedback effects. AoB PLANTS. https://doi.org/10.1093/aobpla/plaa050","Wind intensity affects fine root morphological traits with consequences for plant-soil feedback effects","AoB PLANTS","10.1093/aobpla/plaa050","https://doi.org/10.1093/aobpla/plaa050","doi_resolved","moderate","1","unique plant-soil topical candidate for exact first author and year","Resolution is bibliographic only; it does not replace primary-method hop coding."
"Xi et al. 2020","2020","doi:10.1093/aob/mcaa134","12","HU","Figure S1","Xi et al. 2020. Soil microbes alter seedling performance and biotic interactions under plant competition and contrasting light conditions. Annals of Botany. https://doi.org/10.1093/aob/mcaa134","Soil microbes alter seedling performance and biotic interactions under plant competition and contrasting light conditions","Annals of Botany","10.1093/aob/mcaa134","https://doi.org/10.1093/aob/mcaa134","doi_resolved","moderate","7","unique plant-soil topical candidate for exact first author and year","Resolution is bibliographic only; it does not replace primary-method hop coding."
"Allen et al. 2021","2021","doi:10.1111/nph.17455","71","HU","Original data","Allen et al. 2021. Soil sample pooling generates no consistent inference bias: a meta‐analysis of 71 plant–soil feedback experiments. New Phytologist. https://doi.org/10.1111/nph.17455","Soil sample pooling generates no consistent inference bias: a meta‐analysis of 71 plant–soil feedback experiments","New Phytologist","10.1111/nph.17455","https://doi.org/10.1111/nph.17455","doi_resolved","moderate","4","unique plant-soil topical candidate for exact first author and year","Resolution is bibliographic only; it does not replace primary-method hop coding."
"Beck, 2021","2021","doi:10.1007/s11258-021-01173-x","36","HU","Original data","Beck, 2021. Variation in plant–soil interactions among temperate forest herbs. Plant Ecology. https://doi.org/10.1007/s11258-021-01173-x","Variation in plant–soil interactions among temperate forest herbs","Plant Ecology","10.1007/s11258-021-01173-x","https://doi.org/10.1007/s11258-021-01173-x","doi_resolved","moderate","5","unique plant-soil topical candidate for exact first author and year","Resolution is bibliographic only; it does not replace primary-method hop coding."
"Coughlin et al. 2021","2021","doi:10.1111/rec.13326","18","H2","Authors","Coughlin et al. 2021. Plant–soil feedbacks and the introduction of <i>Castanea</i> (chestnut) hybrids to eastern North American forests. Restoration Ecology. https://doi.org/10.1111/rec.13326","Plant–soil feedbacks and the introduction of <i>Castanea</i> (chestnut) hybrids to eastern North American forests","Restoration Ecology","10.1111/rec.13326","https://doi.org/10.1111/rec.13326","doi_resolved","moderate","1","unique plant-soil topical candidate for exact first author and year","Resolution is bibliographic only; it does not replace primary-method hop coding."
"Davis et al. 2021","2021","unresolved:davis-et-al-2021-2021","2","HU","Figure 5a","","","","","","ambiguous","ambiguous","10","multiple plausible exact-author/year candidates remain; no unique evidence-supported choice","Candidate evidence is preserved in source-candidates.json; no bibliographic identity is asserted."
"De Long et al. 2021","2021","unresolved:de-long-et-al-2021-2021","5","HU","Figure 2b","","","","","","ambiguous","ambiguous","1","multiple plausible exact-author/year candidates remain; no unique evidence-supported choice","Candidate evidence is preserved in source-candidates.json; no bibliographic identity is asserted."
"Domínguez-Begines et al. 2021","2021","unresolved:dom-nguez-begines-et-al-2021-2021","2","H2","Figure 1","","","","","","unresolved","unresolved","0","no exact first-author/year candidate was retained","Candidate evidence is preserved in source-candidates.json; no bibliographic identity is asserted."
"Dostal et al. 2021","2021","unresolved:dostal-et-al-2021-2021","800","HU","Author","","","","","","unresolved","unresolved","0","no exact first-author/year candidate was retained","Candidate evidence is preserved in source-candidates.json; no bibliographic identity is asserted."
"Hassan et al. 2021","2021","unresolved:hassan-et-al-2021-2021","40","HU","Original data","","","","","","ambiguous","ambiguous","5","multiple plausible exact-author/year candidates remain; no unique evidence-supported choice","Candidate evidence is preserved in source-candidates.json; no bibliographic identity is asserted."
"Ke et al. 2021","2021","unresolved:ke-et-al-2021-2021","16","H2","Figure S6","","","","","","ambiguous","ambiguous","5","multiple plausible exact-author/year candidates remain; no unique evidence-supported choice","Candidate evidence is preserved in source-candidates.json; no bibliographic identity is asserted."
"Lu et al. 2021","2021","unresolved:lu-et-al-2021-2021","6","H2","Figure 1","","","","","","ambiguous","ambiguous","3","multiple plausible exact-author/year candidates remain; no unique evidence-supported choice","Candidate evidence is preserved in source-candidates.json; no bibliographic identity is asserted."
"Nuske et al. 2021","2021","unresolved:nuske-et-al-2021-2021","10","H2","Figure 4","","","","","","ambiguous","ambiguous","1","multiple plausible exact-author/year candidates remain; no unique evidence-supported choice","Candidate evidence is preserved in source-candidates.json; no bibliographic identity is asserted."
"Spitzer et al. 2021","2021","unresolved:spitzer-et-al-2021-2021","18","HU","Original data","","","","","","ambiguous","ambiguous","3","multiple plausible exact-author/year candidates remain; no unique evidence-supported choice","Candidate evidence is preserved in source-candidates.json; no bibliographic identity is asserted."
"Tang et al. 2021","2021","unresolved:tang-et-al-2021-2021","12","HU","Figure S3","","","","","","ambiguous","ambiguous","10","multiple plausible exact-author/year candidates remain; no unique evidence-supported choice","Candidate evidence is preserved in source-candidates.json; no bibliographic identity is asserted."
"Uddin et al. 2021","2021","doi:10.1007/s11258-021-01180-y","4","H2","Figure 1","Uddin et al. 2021. Conspecific and heterospecific plant–soil biota interactions of Lonicera japonica in its native and introduced range: implications for invasion success. Plant Ecology. https://doi.org/10.1007/s11258-021-01180-y","Conspecific and heterospecific plant–soil biota interactions of Lonicera japonica in its native and introduced range: implications for invasion success","Plant Ecology","10.1007/s11258-021-01180-y","https://doi.org/10.1007/s11258-021-01180-y","doi_resolved","moderate","7","unique plant-soil topical candidate for exact first author and year","Resolution is bibliographic only; it does not replace primary-method hop coding."
"Wang et al. 2021 PE","2021","doi:10.1007/s11258-021-01171-z","3","HU","Figure 1c","Wang et al. 2021 PE. Plant–soil feedback effects on the performance and functional traits of Dodonaea viscosa in a dry-hot valley, China. Plant Ecology. https://doi.org/10.1007/s11258-021-01171-z","Plant–soil feedback effects on the performance and functional traits of Dodonaea viscosa in a dry-hot valley, China","Plant Ecology","10.1007/s11258-021-01171-z","https://doi.org/10.1007/s11258-021-01171-z","doi_resolved","high","5","raw label journal suffix uniquely matched Plant Ecology","Resolution is bibliographic only; it does not replace primary-method hop coding."
"Wilschut et al. 2021","2021","doi:10.1007/s11104-021-04861-9","36","HU","Figure 3 | Figure S2","Wilschut et al. 2021. Drought alters plant‐soil feedback effects on biomass allocation but not on plant performance. Plant and Soil. https://doi.org/10.1007/s11104-021-04861-9","Drought alters plant‐soil feedback effects on biomass allocation but not on plant performance","Plant and Soil","10.1007/s11104-021-04861-9","https://doi.org/10.1007/s11104-021-04861-9","doi_resolved","moderate","2","unique plant-soil topical candidate for exact first author and year","Resolution is bibliographic only; it does not replace primary-method hop coding."
"Huangfu et al. 2022","2022","doi:10.1016/j.scitotenv.2021.150908","24","H2","Figure 2","Huangfu et al. 2022. Density-dependent plant-soil feedbacks of two plant species affected by plant competition. Science of The Total Environment. https://doi.org/10.1016/j.scitotenv.2021.150908","Density-dependent plant-soil feedbacks of two plant species affected by plant competition","Science of The Total Environment","10.1016/j.scitotenv.2021.150908","https://doi.org/10.1016/j.scitotenv.2021.150908","doi_resolved","moderate","2","unique plant-soil topical candidate for exact first author and year","Resolution is bibliographic only; it does not replace primary-method hop coding."
"Jiang et al. 2022","2022","doi:10.1111/1365-2745.13879","38","H1|H2","Original data","Jiang et al. 2022. Phylogenetic dependence of plant–soil feedback promotes rare species in a subtropical forest. Journal of Ecology. https://doi.org/10.1111/1365-2745.13879","Phylogenetic dependence of plant–soil feedback promotes rare species in a subtropical forest","Journal of Ecology","10.1111/1365-2745.13879","https://doi.org/10.1111/1365-2745.13879","doi_resolved","moderate","4","unique plant-soil topical candidate for exact first author and year","Resolution is bibliographic only; it does not replace primary-method hop coding."
"Li et al. 2022","2022","doi:10.1111/1365-2745.13900","2","H2","Figure 1","Li et al. 2022. Plant diversity improves resistance of plant biomass and soil microbial communities to drought. Journal of Ecology. https://doi.org/10.1111/1365-2745.13900","Plant diversity improves resistance of plant biomass and soil microbial communities to drought","Journal of Ecology","10.1111/1365-2745.13900","https://doi.org/10.1111/1365-2745.13900","doi_resolved","moderate","6","unique plant-soil topical candidate for exact first author and year","Resolution is bibliographic only; it does not replace primary-method hop coding."
