"permutation","h2_cells","h2_minus_h1"
"1","91","-0.03362532253444791"
"2","91","0.04402760198289212"
"3","91","0.06880314473143916"
"4","91","0.1333987573741409"
"5","91","0.19466945356494156"
"6","91","-0.13762951156714395"
"7","91","-0.02310952839075055"
"8","91","0.031186152327908646"
"9","91","-0.09310660437935193"
"10","91","0.10927102034245742"
"11","91","-0.03332992996194835"
"12","91","-0.04279692929271362"
"13","91","-0.0234622596877673"
"14","91","0.03322432538562162"
"15","91","0.20110005929030786"
"16","91","-0.006858294998213471"
"17","91","-0.06072004823297021"
"18","91","0.01912434662173189"
"19","91","-0.03788322518575654"
"20","91","0.0601640234718123"
"21","91","0.041138780067249366"
"22","91","-0.05945117535095543"
"23","91","0.11477175832186495"
"24","91","0.007036426422383129"
"25","91","-0.08448255718852334"
"26","91","-0.11811871400030236"
"27","91","-0.0075114831763795804"
"28","91","0.036877565491531025"
"29","91","0.09817088067077671"
"30","91","0.001211719458281924"
"31","91","0.09603901980840063"
"32","91","0.052873736392658695"
"33","91","0.011813639248514227"
"34","91","-0.08309989602359913"
"35","91","0.28375728488525875"
"36","91","-0.017860417234201727"
"37","91","0.07979477282883596"
"38","91","-0.06401978245450837"
"39","91","0.09753895717020407"
"40","91","0.044049220427122365"
"41","91","0.13216108556241762"
"42","91","-0.09007222821542565"
"43","91","-0.07259924286913233"
"44","91","-0.023997284689721777"
"45","91","0.036685731729484354"
"46","91","-0.06178227821574898"
"47","91","-0.017987625084642023"
"48","91","-0.16346680171865954"
"49","91","-0.011343394862988652"
"50","91","0.029712512006532892"
"51","91","-0.029525052604980444"
"52","91","0.012820386302232522"
"53","91","-0.16165525832188274"
"54","91","-0.0643962293199853"
"55","91","-0.031069761178241964"
"56","91","0.06258937700915777"
"57","91","-0.18664467271851162"
"58","91","-0.019285842094744026"
"59","91","0.21091222414193647"
"60","91","-0.1229731788950483"
"61","91","-0.08755296541969791"
"62","91","-0.03321105627049555"
"63","91","-0.10298633357319313"
"64","91","-0.017303855845669142"
"65","91","0.06862212043193919"
"66","91","-0.0729735248375482"
"67","91","-0.02825507985477087"
"68","91","0.032968204486987174"
"69","91","-0.12905188925622307"
"70","91","-0.07579080030919834"
"71","91","-0.12159869947971291"
"72","91","-0.21992414151529865"
"73","91","0.0012308604822706178"
"74","91","3.090597204559732e-05"
"75","91","-0.10811812820301642"
"76","91","-0.019545074907921286"
"77","91","0.07018852498550447"
"78","91","-0.09445345221770099"
"79","91","0.05863586052298933"
"80","91","0.058282911891281125"
"81","91","0.20017019950601664"
"82","91","0.03347243492984678"
"83","91","-0.19539751211832215"
"84","91","-0.31777635960930944"
"85","91","0.01155094054074854"
"86","91","0.06215334754559175"
"87","91","0.018485742037134305"
"88","91","0.04730260419488453"
"89","91","0.2736282202731241"
"90","91","0.011665695434145628"
"91","91","0.1410810616957355"
"92","91","0.1244288806299981"
"93","91","-0.035973966311439884"
"94","91","0.1582028340232303"
"95","91","-0.2194310756886527"
"96","91","-0.04343102734334725"
"97","91","-0.10016761253296631"
"98","91","0.008510385786990668"
"99","91","0.03006699416603624"
"100","91","0.061186741286693345"
"101","91","-0.22182736885945878"
"102","91","0.07879279026427886"
"103","91","0.06252951628806243"
"104","91","0.13777053684573323"
"105","91","0.052784203923892936"
"106","91","0.058644824291899385"
"107","91","-0.12332613108193101"
"108","91","0.009508382390603143"
"109","91","-0.04230542002276958"
"110","91","-0.04591368955496251"
"111","91","0.09728473554998827"
"112","91","0.13022194198473136"
"113","91","-0.09880132586452513"
"114","91","-0.05412247542747695"
"115","91","-0.012135725238165598"
"116","91","-0.2070498897370852"
"117","91","0.11214234490642688"
"118","91","0.012694606069455947"
"119","91","0.04716900574226903"
"120","91","-0.05546642978486079"
"121","91","-0.07116790501372293"
"122","91","-0.06147088587939485"
"123","91","-0.17039915621644186"
"124","91","-0.06270581353369081"
"125","91","0.029402694633957317"
"126","91","-0.0970318784994994"
"127","91","-0.00031471252180913283"
"128","91","-0.05086048840952762"
"129","91","-0.005543905494991714"
"130","91","0.021058840490780585"
"131","91","-0.10628959669421277"
"132","91","-0.010314323529798526"
"133","91","-0.06157066697221132"
"134","91","-0.028662571129309946"
"135","91","0.11934058696814502"
"136","91","0.0982154830315695"
"137","91","-0.05290648245938657"
"138","91","0.08427136653710299"
"139","91","0.11230885217816201"
"140","91","0.04261092776517863"
"141","91","-0.06035409780714999"
"142","91","0.07430617450017538"
"143","91","-0.07338367171803648"
"144","91","-0.25095742985988373"
"145","91","-0.04372705090532325"
"146","91","0.2265947227557936"
"147","91","-0.0763977391049234"
"148","91","-0.04443406186317728"
"149","91","0.04250790788894337"
"150","91","-0.005831010686318192"
"151","91","-0.029914398774677022"
"152","91","-0.1381160242175256"
"153","91","-0.10737323487940405"
"154","91","-0.10789382219397682"
"155","91","-0.08545074002268441"
"156","91","-0.12465897765218949"
"157","91","-0.07526362364206463"
"158","91","-0.10468014163389035"
"159","91","0.08458440728239942"
"160","91","0.052676734068542994"
"161","91","-0.00911036167120539"
"162","91","-0.08083474923407652"
"163","91","-0.06379192266433897"
"164","91","-0.14228030803231928"
"165","91","0.03456519718329531"
"166","91","0.024257023406609707"
"167","91","-0.05890892336211777"
"168","91","0.17321241136406265"
"169","91","-0.11824907748836407"
"170","91","-0.0034028057043747123"
"171","91","-0.10070854854537727"
"172","91","0.01673161693843904"
"173","91","-0.03412333324473329"
"174","91","-0.08348191527363893"
"175","91","-0.033437441899263606"
"176","91","0.007529479732336026"
"177","91","0.15912077940739633"
"178","91","0.055978937899978064"
"179","91","0.053945583493732754"
"180","91","-0.14485765356980806"
"181","91","-0.07803012280612916"
"182","91","-0.073839279383607"
"183","91","-0.054773466408949534"
"184","91","0.022222959640503994"
"185","91","-0.2728442284621804"
"186","91","-0.08770158930335925"
"187","91","0.035215465897783606"
"188","91","-0.20453121043601621"
"189","91","-0.13388800362354522"
"190","91","-0.14227538780205576"
"191","91","0.03745462979738909"
"192","91","-0.07877066831539808"
"193","91","0.025355947359594934"
"194","91","-0.13361751086881182"
"195","91","-0.012822040142860909"
"196","91","-0.10803797425947358"
"197","91","0.09082055664082968"
"198","91","-0.09911568839925107"
"199","91","-0.006575996755954762"
"200","91","0.17330493955831566"
"201","91","0.13495796291157158"
"202","91","0.08430219421649936"
"203","91","0.005641908439684983"
"204","91","0.20613275289222036"
"205","91","-0.03594975511576425"
"206","91","0.09391116723124797"
"207","91","0.0640562635892315"
"208","91","0.008217909232286887"
"209","91","0.007531683265230289"
"210","91","0.029244258478587266"
"211","91","-0.11176269194357254"
"212","91","0.026111362004520383"
"213","91","0.1091517948511901"
"214","91","0.056670863833688544"
"215","91","-0.032656366249137425"
"216","91","0.024046396656414056"
"217","91","-0.09908685676833844"
"218","91","0.07095512730938078"
"219","91","-0.012473345726884041"
"220","91","-0.017288386846706385"
"221","91","-0.09829984245975514"
"222","91","-0.022425507779303213"
"223","91","-0.09240249034944555"
"224","91","0.12784662636404423"
"225","91","0.02793997309649805"
"226","91","0.12071942602823378"
"227","91","0.009547812577054487"
"228","91","0.01742680077507832"
"229","91","-0.03383104487746676"
"230","91","-0.03484642676603411"
"231","91","-0.025318994547981123"
"232","91","-0.027231894822862306"
"233","91","0.02846048482558029"
"234","91","0.08711695221611046"
"235","91","0.09103215098676799"
"236","91","-0.035539241166441186"
"237","91","0.11395801676816607"
"238","91","0.058826931421061116"
"239","91","-0.16191770787643822"
"240","91","-0.045353838438483916"
"241","91","-0.07465580132059547"
"242","91","-0.051953908629123025"
"243","91","0.1029739997322201"
"244","91","-0.22446627712690378"
"245","91","0.12583593941028118"
"246","91","-0.029460784106658366"
"247","91","-0.0026110548602215943"
"248","91","0.02836132862472754"
"249","91","-0.0034936881918801337"
"250","91","-0.08147000582722239"
"251","91","0.2399143727593502"
"252","91","-0.07822302223348694"
"253","91","-0.08149366383349747"
"254","91","0.03332765839755754"
"255","91","-0.06901231337886621"
"256","91","-0.06112867402059567"
"257","91","0.044124259977249274"
"258","91","0.020484461271921134"
"259","91","-0.1036867117254786"
"260","91","0.07429595464665657"
"261","91","-0.03340658482202453"
"262","91","-0.15911422290910157"
"263","91","-0.07249233544617945"
"264","91","-0.1404610524182691"
"265","91","-0.159170379350275"
"266","91","-0.11185123212356353"
"267","91","0.12171922351340736"
"268","91","-0.03562503340639153"
"269","91","0.08430937750113665"
"270","91","-0.19915906901333272"
"271","91","-0.018163765847086375"
"272","91","-0.164791883747676"
"273","91","-0.006429861526780849"
"274","91","0.03602162964487826"
"275","91","0.04190035130234363"
"276","91","0.07734902899774518"
"277","91","0.035792822360745054"
"278","91","-0.13223854652054556"
"279","91","0.1229109407683476"
"280","91","0.1398207951990382"
"281","91","-0.2133498103704936"
"282","91","-0.03544308077275816"
"283","91","0.010229965189083591"
"284","91","-0.09227589338659965"
"285","91","-0.26703888578443574"
"286","91","-0.08076833428966136"
"287","91","-0.07365869727063294"
"288","91","0.08544388304158103"
"289","91","0.03622074316202462"
"290","91","-0.09461320343685514"
"291","91","0.03614867584562415"
"292","91","-0.14212375671067026"
"293","91","0.13024909893828188"
"294","91","-0.1816992465994105"
"295","91","-0.04612336249116162"
"296","91","-0.07333631809182267"
"297","91","0.0032494660600057607"
"298","91","0.07961269521260814"
"299","91","-0.13159477583610635"
"300","91","-0.06896115837126657"
"301","91","0.18596015158918774"
"302","91","0.09297538291032298"
"303","91","-0.04143159333217528"
"304","91","-0.03421488291054197"
"305","91","-0.10716974006684601"
"306","91","-0.04706481093861473"
"307","91","0.011907449856202993"
"308","91","0.12338558040217926"
"309","91","0.09641620410182156"
"310","91","-0.026854373847467774"
"311","91","-0.07381542358361458"
"312","91","-0.06528757691968855"
"313","91","0.09936722255031992"
"314","91","-0.056170608351399365"
"315","91","0.1281696114752184"
"316","91","-0.01332294084830654"
"317","91","-0.0946297620934092"
"318","91","0.03184230198892335"
"319","91","0.1614449114874939"
"320","91","-0.0736765888221184"
"321","91","0.10140625709824959"
"322","91","0.08636716209396304"
"323","91","-0.13988157018784494"
"324","91","-0.07886758916523558"
"325","91","-0.07335469666414889"
"326","91","-0.026609869350700022"
"327","91","-0.16466402377686976"
"328","91","-0.06999751489246823"
"329","91","0.14235419960782852"
"330","91","0.00857099260740559"
"331","91","-0.14901063537607634"
"332","91","-0.12633938418620708"
"333","91","-0.1963152012261415"
"334","91","-0.08886944940851127"
"335","91","0.09394415367192287"
"336","91","0.04953272703381136"
"337","91","-0.020912077411902638"
"338","91","0.04331074893823562"
"339","91","-0.08591116174732641"
"340","91","0.11685257630786593"
"341","91","0.017710248420303422"
"342","91","0.18434050494925738"
"343","91","-0.013693773663209738"
"344","91","-0.05551028897947676"
"345","91","0.14379451669008572"
"346","91","-0.10933745618301342"
"347","91","-0.07997698845851756"
"348","91","0.1353531540702957"
"349","91","-0.003853211103448651"
"350","91","-0.11801771145894485"
"351","91","0.03933593852577167"
"352","91","0.05900093000739476"
"353","91","0.050327277075601105"
"354","91","0.049418422979668204"
"355","91","0.03412907371453705"
"356","91","-0.25374084200205826"
"357","91","-0.010427733168358546"
"358","91","0.042383539928500295"
"359","91","-0.06871142282228981"
"360","91","0.008523365912960757"
"361","91","0.12881636376529534"
"362","91","-0.08887311582567553"
"363","91","-0.06448498177095263"
"364","91","0.1177334789744398"
"365","91","0.04369749202179518"
"366","91","-0.010006633080427553"
"367","91","-0.08137356345610379"
"368","91","-0.12078391427971481"
"369","91","0.060191230211445484"
"370","91","-0.15181719365515423"
"371","91","0.02926182185840946"
"372","91","0.016088252420492347"
"373","91","0.040026610695997965"
"374","91","0.02799481630254733"
"375","91","-0.1537905763473099"
"376","91","-0.10815932446822506"
"377","91","0.041819116555941456"
"378","91","-0.06503592175976626"
"379","91","-0.07542351564687118"
"380","91","0.08028232658253949"
"381","91","-0.007868573143781721"
"382","91","-0.16535097308506078"
"383","91","0.03345420546736492"
"384","91","0.23717014492554173"
"385","91","0.3150688221167525"
"386","91","-0.11046485563656327"
"387","91","-0.16677172038226193"
"388","91","-0.11982937618208346"
"389","91","-0.11708214731636377"
"390","91","0.012729156938021171"
"391","91","-0.09203941441148145"
"392","91","0.048707452236568693"
"393","91","0.07196704575765535"
"394","91","-0.01305914945810564"
"395","91","-0.017647132483274236"
"396","91","0.06271584492925787"
"397","91","-0.07204043052371405"
"398","91","0.13013819467950058"
"399","91","-0.05349067242549388"
"400","91","-0.08512815114009742"
"401","91","-0.15172501831158916"
"402","91","0.08077985797861709"
"403","91","0.08746946326115869"
"404","91","0.04039978391860487"
"405","91","0.1213790866647445"
"406","91","-0.12485562250954708"
"407","91","-0.06694311569920247"
"408","91","-0.08845376119080038"
"409","91","0.043418178379885965"
"410","91","-0.04276577610455769"
"411","91","-0.05368463923820489"
"412","91","0.1248051847773972"
"413","91","-0.11021095639055319"
"414","91","0.114933134244991"
"415","91","0.0640393181602302"
"416","91","-0.09896506684556548"
"417","91","-0.023037664985064592"
"418","91","0.09480602766096306"
"419","91","0.13045607237910511"
"420","91","-0.008556170029280101"
"421","91","0.045803267225200464"
"422","91","0.022099765389378325"
"423","91","0.030459384994912308"
"424","91","-0.1884809501940769"
"425","91","-0.14177397557407648"
"426","91","0.040303315612916696"
"427","91","-0.007398187488786936"
"428","91","-0.2878080516218105"
"429","91","-0.09158980444439822"
"430","91","-0.11599996142625395"
"431","91","-0.09258288794044002"
"432","91","-0.142261913532921"
"433","91","-0.08781909775740038"
"434","91","0.1356043242263386"
"435","91","-0.11832628187299338"
"436","91","-0.01955780634775679"
"437","91","-0.020816976268025162"
"438","91","0.0339338748820184"
"439","91","0.02454707892029376"
"440","91","-0.23019724919922105"
"441","91","0.18246833547117075"
"442","91","0.12223589680919708"
"443","91","0.05150174104842536"
"444","91","0.12945599480429534"
"445","91","0.10693703078312881"
"446","91","-0.16345261013604415"
"447","91","-0.05045456528232631"
"448","91","0.02201701139346684"
"449","91","-0.12772493052624556"
"450","91","-0.045429281752208686"
"451","91","0.11119685581987164"
"452","91","-0.18349903782560828"
"453","91","0.010419795265959656"
"454","91","-0.024611294676946203"
"455","91","0.0817716723082039"
"456","91","0.08527164091529285"
"457","91","-0.1105052415487122"
"458","91","0.06535962212465603"
"459","91","0.09539907853329559"
"460","91","0.025236279820730824"
"461","91","-0.09760920866368555"
"462","91","0.08801127348690349"
"463","91","0.008944709972506702"
"464","91","-0.14913772167968267"
"465","91","0.015396341605772936"
"466","91","0.09451132543838933"
"467","91","-0.09814852633494339"
"468","91","-0.0416321116127059"
"469","91","0.018280146053349357"
"470","91","-0.17788280495400155"
"471","91","0.06246740096702955"
"472","91","-0.05125796532581268"
"473","91","0.04475922239569079"
"474","91","-0.00451231497719782"
"475","91","0.1846972298543516"
"476","91","-0.06914937167412362"
"477","91","0.09571890310812528"
"478","91","-0.06700275558033553"
"479","91","0.03308711111076003"
"480","91","0.08668324735222886"
"481","91","-0.17475739922819378"
"482","91","0.10980151778380946"
"483","91","-0.03200453195690911"
"484","91","0.05474229582475658"
"485","91","-0.0960140831362016"
"486","91","0.13285089419913357"
"487","91","0.05822680976416507"
"488","91","0.016276996421632654"
"489","91","-0.011806438244288966"
"490","91","-0.12299789468939865"
"491","91","0.06820820415628803"
"492","91","0.165481465190205"
"493","91","-0.09901724065119206"
"494","91","0.11803892784623908"
"495","91","0.06508484091601385"
"496","91","0.014377891827322553"
"497","91","-0.15335400144652658"
"498","91","0.033757197123080805"
"499","91","0.05890990263307047"
"500","91","-0.023835534399558413"
"501","91","-0.013360130900976808"
"502","91","0.008788221830947476"
"503","91","0.06175981581974251"
"504","91","-0.07763243526727692"
"505","91","0.11505944241566946"
"506","91","0.10127332701693575"
"507","91","-0.0891140806862749"
"508","91","-0.04117357055400388"
"509","91","-0.005633003148720685"
"510","91","0.08434524448656895"
"511","91","0.09448666846582533"
"512","91","0.044350302074975013"
"513","91","0.10993731764533793"
"514","91","0.047241740206934606"
"515","91","0.06807003083200532"
"516","91","-0.2431198840696828"
"517","91","-0.02600038522091182"
"518","91","0.04735481299483129"
"519","91","-0.03376798133321333"
"520","91","0.03557573989162846"
"521","91","-0.16203613458013358"
"522","91","-0.06059335738786305"
"523","91","-0.005474291534491951"
"524","91","0.08250763724325899"
"525","91","-0.05570497804012377"
"526","91","0.1959428916821014"
"527","91","0.07151406315648279"
"528","91","-0.08743946911367542"
"529","91","0.04615806441807237"
"530","91","-0.06202687067919893"
"531","91","0.1302521175396934"
"532","91","0.1121164953552051"
"533","91","0.09153970897046933"
"534","91","-0.04510871960515103"
"535","91","0.029554177323324434"
"536","91","-0.023751785626670602"
"537","91","0.11358358299718949"
"538","91","0.0943813757321868"
"539","91","-0.11905162449751153"
"540","91","-0.1753217049520836"
"541","91","0.14180478452718456"
"542","91","-0.11010420166871146"
"543","91","-0.19183133222063317"
"544","91","-0.0578446498485366"
"545","91","-0.26388114501366333"
"546","91","0.022579649236825965"
"547","91","-0.15035942497737265"
"548","91","-0.10553730543580593"
"549","91","0.02910729932735646"
"550","91","-0.13263080792453874"
"551","91","0.15607164467587878"
"552","91","0.021431121533633662"
"553","91","0.0840211359355615"
"554","91","0.010586399326856986"
"555","91","-0.06445087435029838"
"556","91","0.06662253174435451"
"557","91","0.05005000523332277"
"558","91","-0.0291668315808913"
"559","91","0.09006299140658341"
"560","91","-0.1458239066871849"
"561","91","0.3120128098958584"
"562","91","-0.020303651356028914"
"563","91","0.09172886163680274"
"564","91","0.09591601815917411"
"565","91","0.02129887015092051"
"566","91","-0.052132151867788266"
"567","91","-0.03304731831793854"
"568","91","0.05973177463815583"
"569","91","0.09894659481486774"
"570","91","0.08586606613356204"
"571","91","0.003604168740726596"
"572","91","0.07408424145474911"
"573","91","-0.04381202658975201"
"574","91","-0.06603063149367677"
"575","91","-0.009384940082873655"
"576","91","-0.027710916190226254"
"577","91","-0.006122532734510802"
"578","91","0.07596207807208903"
"579","91","-0.05781219304477326"
"580","91","-0.13607820385066108"
"581","91","-0.049763653154353"
"582","91","0.012804754289359127"
"583","91","-0.11661668351337103"
"584","91","0.12545668213484332"
"585","91","-0.09240660365951066"
"586","91","0.13685733879231066"
"587","91","0.0015101486731129814"
"588","91","-0.09998528505455935"
"589","91","0.0649777638958042"
"590","91","-0.012727858941425379"
"591","91","-0.1595520623086781"
"592","91","-0.050243006011120486"
"593","91","0.07454349945265712"
"594","91","-0.033300809584070765"
"595","91","0.043766919813215614"
"596","91","0.15444243079572587"
"597","91","-0.09706286970391811"
"598","91","-0.03666939920973043"
"599","91","0.14138332333713616"
"600","91","0.038220650315766734"
"601","91","0.04418477675251315"
"602","91","-0.07375629983723993"
"603","91","-0.05340099921124638"
"604","91","-0.014695441594057439"
"605","91","0.03838631277138511"
"606","91","0.09577679373963184"
"607","91","0.08808198367772839"
"608","91","-0.04977348303047953"
"609","91","0.022882054565140093"
"610","91","-0.007093053961474895"
"611","91","-0.04765850930861954"
"612","91","-0.0659046553921991"
"613","91","-0.22245589824122775"
"614","91","0.04966068612857286"
"615","91","0.048346041467763834"
"616","91","-0.03858816736860361"
"617","91","-0.04163736447864974"
"618","91","0.030700830249792796"
"619","91","0.08382589479445485"
"620","91","0.05202649767094337"
"621","91","-0.04105854623653622"
"622","91","0.0002934030250424965"
"623","91","-0.0019483283589134647"
"624","91","0.1371535357640759"
"625","91","-0.009532481981703558"
"626","91","-0.010882395225855993"
"627","91","-0.0062267124341962585"
"628","91","-0.15866592594117246"
"629","91","-0.14842461885290084"
"630","91","0.07941646870234847"
"631","91","0.036368036161650796"
"632","91","0.018499140439395247"
"633","91","-0.200364534134976"
"634","91","-0.02957358891279559"
"635","91","-0.03804194503842982"
"636","91","-0.035485831952211326"
"637","91","-0.12882435852712681"
"638","91","-0.013520877638379622"
"639","91","0.14001695019959876"
"640","91","-0.003985660926036702"
"641","91","-0.05192730747290753"
"642","91","-0.11381525755895189"
"643","91","0.09226352737886329"
"644","91","0.10208774176829367"
"645","91","-0.018411658936028284"
"646","91","0.07752074302754215"
"647","91","0.13006517611771748"
"648","91","0.141270541732872"
"649","91","0.04290275314836999"
"650","91","0.006738288096804502"
"651","91","-0.07965624582696273"
"652","91","-0.0048434599213883775"
"653","91","0.08104132662511608"
"654","91","-0.13486567376116473"
"655","91","-0.10637569334816425"
"656","91","-0.0866671652657246"
"657","91","0.07676246476410072"
"658","91","-0.05068443640192715"
"659","91","-0.12950143246627915"
"660","91","0.02980333067342409"
"661","91","0.05324772398798644"
"662","91","-0.2047967911878793"
"663","91","-0.004270268166887264"
"664","91","0.07886936193422234"
"665","91","-0.0025180351572138835"
"666","91","-0.02366274085438906"
"667","91","-0.014649985075758274"
"668","91","-0.06439770815531567"
"669","91","-0.018878922836184208"
"670","91","-0.268418420219196"
"671","91","-0.0642825538281931"
"672","91","-0.040656749842398504"
"673","91","0.06680099833205737"
"674","91","0.0340690099431755"
"675","91","-0.04912116973591341"
"676","91","-0.08895176521360422"
"677","91","-0.03315195669563115"
"678","91","-0.025055441495359352"
"679","91","0.0018843299630334845"
"680","91","0.15970938887322"
"681","91","0.06033891716587691"
"682","91","-0.04282345855868004"
"683","91","0.1340378801517108"
"684","91","0.015668830662026994"
"685","91","0.052053071334519856"
"686","91","-0.09133140595013706"
"687","91","-0.24381440320655023"
"688","91","0.05889646022033713"
"689","91","0.03698522398894508"
"690","91","0.11571141892761527"
"691","91","-0.0054982958323523705"
"692","91","-0.14587961892220594"
"693","91","-0.15406874105644394"
"694","91","0.10296520350193708"
"695","91","0.0007629116243214915"
"696","91","-0.12789829600064362"
"697","91","0.07376470262040945"
"698","91","0.041352676968661996"
"699","91","-0.22444478540923202"
"700","91","-0.09239183632966981"
"701","91","0.09780824589146296"
"702","91","-0.08686397155085356"
"703","91","-0.009339023878276587"
"704","91","-0.11441463675529782"
"705","91","-0.19779619081468552"
"706","91","-0.12682241770434224"
"707","91","-0.007955119795368852"
"708","91","-0.1321318703556879"
"709","91","-0.21085073315096564"
"710","91","-0.04865616492749429"
"711","91","0.09632913860833663"
"712","91","0.15214422523638607"
"713","91","-0.0066101631747292975"
"714","91","0.14888948823398473"
"715","91","-0.07929997202623981"
"716","91","0.2463056922561149"
"717","91","0.08100278294404954"
"718","91","0.053923423089884535"
"719","91","0.06159522089764951"
"720","91","-0.09671874041371147"
"721","91","-0.3326980245054526"
"722","91","0.10175446494609539"
"723","91","0.1279981739665175"
"724","91","-0.04314471796365741"
"725","91","-0.17161740727855027"
"726","91","-0.09270679678016942"
"727","91","-0.03610879353706605"
"728","91","0.053323831972898104"
"729","91","0.04100657034491647"
"730","91","0.18977759362182248"
"731","91","-0.05189944265814152"
"732","91","-0.03414413598293015"
"733","91","-0.045327499066104414"
"734","91","0.04123215488938757"
"735","91","0.09078146088908413"
"736","91","-0.012822441827192893"
"737","91","-0.004918698756128737"
"738","91","-0.045654229026180826"
"739","91","-0.02130972060453942"
"740","91","0.02880960970397275"
"741","91","-0.0024589826922520163"
"742","91","-0.24179400607037038"
"743","91","0.14419393857344684"
"744","91","-0.019563010835642276"
"745","91","0.192050679900144"
"746","91","-0.21476050630336857"
"747","91","0.024559368457992933"
"748","91","0.026571774909636723"
"749","91","0.11225275600499358"
"750","91","-0.07179566315665205"
"751","91","0.04213471253484882"
"752","91","0.12336648356793313"
"753","91","-0.03994894469341676"
"754","91","0.10635563436663696"
"755","91","-0.15939904512669953"
"756","91","-0.004385052366749202"
"757","91","0.0753236963076532"
"758","91","0.023036999017762592"
"759","91","0.04925689312691281"
"760","91","0.07453948528927075"
"761","91","0.006737584813112387"
"762","91","-0.1618385719204085"
"763","91","-0.08626710421340221"
"764","91","0.07942027348117366"
"765","91","-0.05578480192093306"
"766","91","0.043791878148317386"
"767","91","0.12826464163701176"
"768","91","0.18392995926132483"
"769","91","0.03104807505854315"
"770","91","-0.11129469774065415"
"771","91","-0.17461912396521076"
"772","91","-0.11276387177342115"
"773","91","0.07630229496559339"
"774","91","-0.15653130725213357"
"775","91","-0.06922749853694904"
"776","91","0.016330289554035995"
"777","91","0.052995410677886164"
"778","91","0.16603498618449208"
"779","91","-0.06827428856733483"
"780","91","0.08935092127987863"
"781","91","-0.013788568005953628"
"782","91","0.11922582476989409"
"783","91","0.014421402165121498"
"784","91","0.13840055437824333"
"785","91","0.011255452566688208"
"786","91","0.001902060162564544"
"787","91","0.0449401884632595"
"788","91","0.11299413043880956"
"789","91","-0.01760194307793028"
"790","91","-0.0050097309469871905"
"791","91","0.19377653600503614"
"792","91","0.013355852938357062"
"793","91","-0.2968263728970955"
"794","91","-0.010086918630973921"
"795","91","-0.09618256293353314"
"796","91","-0.059590071243428626"
"797","91","0.11228518494520996"
"798","91","-0.0613433074372462"
"799","91","0.20121824496294477"
"800","91","0.1294488077779642"
"801","91","-0.08968021359117959"
"802","91","-0.017490679315002988"
"803","91","-0.13166168326673452"
"804","91","-0.10440433277998565"
"805","91","-0.10745561639541054"
"806","91","-0.022529243739765305"
"807","91","0.02319227007748933"
"808","91","-0.21854090209966012"
"809","91","-0.0651967198311791"
"810","91","-0.003636312430064174"
"811","91","-0.02641160256499461"
"812","91","-0.030963150810535203"
"813","91","0.26644977811844034"
"814","91","0.10598533922180622"
"815","91","0.12158738010342614"
"816","91","0.12167417689000218"
"817","91","-0.056651645468329355"
"818","91","-0.0794473894527129"
"819","91","-0.03375510091671275"
"820","91","0.015419002300927204"
"821","91","-0.08984069758403972"
"822","91","-0.0680816720128516"
"823","91","-0.012670056452794816"
"824","91","0.118345852824572"
"825","91","-0.18474578579078646"
"826","91","0.0914855513173813"
"827","91","0.13828317126163311"
"828","91","0.024270276636875976"
"829","91","0.10092703790814969"
"830","91","0.04926441625636135"
"831","91","0.08658271178084552"
"832","91","-0.051160190342097726"
"833","91","0.05210347551056338"
"834","91","-0.01787316335876932"
"835","91","-0.04990998446833369"
"836","91","0.00039849722098462"
"837","91","0.08693675966761283"
"838","91","-0.10662326123838499"
"839","91","0.026215596108927486"
"840","91","0.07109936300061176"
"841","91","0.08418442606334568"
"842","91","-0.013240671900320194"
"843","91","0.11110218597255614"
"844","91","-0.06737863409060882"
"845","91","0.0030041853807078406"
"846","91","-0.0180058250667476"
"847","91","0.025314714121202907"
"848","91","-0.04394178743802742"
"849","91","-0.2247589338035987"
"850","91","0.038069104891907034"
"851","91","-0.06119184419431654"
"852","91","0.045681909807162094"
"853","91","-0.07477170592876528"
"854","91","0.010116385265731016"
"855","91","0.015935426883054837"
"856","91","-0.007674728027070377"
"857","91","0.07826729651870769"
"858","91","-0.0896950384803628"
"859","91","-0.21087870890544747"
"860","91","0.07976325575740194"
"861","91","-0.053491679440502066"
"862","91","-0.21447609341424395"
"863","91","-0.20409189544052303"
"864","91","0.2714600576211116"
"865","91","-0.12426054611882349"
"866","91","0.20876837895893377"
"867","91","-0.19776376088449713"
"868","91","-0.10782165508030532"
"869","91","0.02577140530269115"
"870","91","0.07771821462491951"
"871","91","-0.10201473711108633"
"872","91","-0.19823433730582668"
"873","91","-0.049619765533048435"
"874","91","-0.02680174709858343"
"875","91","0.03364221583363002"
"876","91","-0.11144292821098468"
"877","91","-0.08782318968834406"
"878","91","0.09850678753091359"
"879","91","-0.16563106274123154"
"880","91","0.0005682703288013066"
"881","91","0.14496096947285855"
"882","91","0.056103810194172384"
"883","91","-0.021981540505510464"
"884","91","0.0894169719236135"
"885","91","-0.1845387670920384"
"886","91","-0.005088292149727263"
"887","91","0.09177647331758218"
"888","91","-0.00695729029949244"
"889","91","0.09593138017090488"
"890","91","-0.1030381883830845"
"891","91","-0.11240811404855132"
"892","91","-0.10226466951232549"
"893","91","0.006764115586457882"
"894","91","-0.24915441077990771"
"895","91","0.07663599311328426"
"896","91","-0.049627518543557535"
"897","91","0.008398102111124803"
"898","91","-0.02801617914943318"
"899","91","-0.007874020242935003"
"900","91","0.1124080461113554"
"901","91","-0.06044264421924935"
"902","91","0.1047124119420699"
"903","91","0.05476457439407753"
"904","91","0.18635034335836137"
"905","91","0.20201849989629522"
"906","91","-0.12856977560223973"
"907","91","-0.0865213607205112"
"908","91","0.0570147500374296"
"909","91","0.13809420977838038"
"910","91","0.03939180386126808"
"911","91","0.18095967333266216"
"912","91","0.05797433732495882"
"913","91","-0.060332452543660944"
"914","91","0.08697598458201185"
"915","91","0.08822780259285837"
"916","91","-0.19527047596697952"
"917","91","0.03509397260037214"
"918","91","0.07758723829796856"
"919","91","-0.0791651862210979"
"920","91","0.14685286979647963"
"921","91","-0.051521177597619004"
"922","91","0.14777188253001028"
"923","91","-0.027313342571044456"
"924","91","-0.07849462710482234"
"925","91","-0.02414702512188009"
"926","91","-0.16791380671574285"
"927","91","0.08266747884261524"
"928","91","0.1756538570745333"
"929","91","0.15086165692093284"
"930","91","-0.03761799081705189"
"931","91","-0.13174903350222322"
"932","91","-0.06289584322106852"
"933","91","0.05565752831730321"
"934","91","0.06252676843778718"
"935","91","0.04993121211650964"
"936","91","-0.06147078556527672"
"937","91","0.04197768641562309"
"938","91","-0.07336773490344524"
"939","91","-0.04899047687054169"
"940","91","-0.10501357990991647"
"941","91","0.040019674488417555"
"942","91","0.25881504093947155"
"943","91","-0.04369201954098365"
"944","91","-0.21608448291498097"
"945","91","0.00968897744121829"
"946","91","-0.0894473075518205"
"947","91","-0.2238227788626689"
"948","91","0.1495563471984939"
"949","91","-0.06512122122942184"
"950","91","-0.05369938104052197"
"951","91","-0.005438870791050136"
"952","91","-0.10181480836811223"
"953","91","0.14799871813541896"
"954","91","0.06205514495493081"
"955","91","0.013909317903195847"
"956","91","-0.1499124795446151"
"957","91","0.013776571569482863"
"958","91","0.08966408583382827"
"959","91","-0.03681426511156553"
"960","91","-0.10602200005478482"
"961","91","-0.021591561713876918"
"962","91","0.0411528688690442"
"963","91","0.05217560336226405"
"964","91","0.051116687721600176"
"965","91","0.02243210574920049"
"966","91","-0.1147204989283889"
"967","91","0.0499647203261432"
"968","91","0.20973581139127617"
"969","91","-0.07219667335584588"
"970","91","0.17431646296787734"
"971","91","0.02506083794663314"
"972","91","0.12018534999139062"
"973","91","-0.03939972941074656"
"974","91","0.00041225018877331183"
"975","91","0.08060811537356198"
"976","91","-0.02871857889287077"
"977","91","-0.06043778117417172"
"978","91","0.04290392446987683"
"979","91","0.09684546518258283"
"980","91","0.04002323919301577"
"981","91","-0.08978740495777603"
"982","91","-0.03552249614137479"
"983","91","-0.09605023804115052"
"984","91","0.08732570020893338"
"985","91","-0.010415771291996207"
"986","91","-0.0771688311879547"
"987","91","0.008027523456212791"
"988","91","-0.10044730747087524"
"989","91","-0.12248931220028941"
"990","91","-0.0403727733632627"
"991","91","0.09309534171022453"
"992","91","-0.2058889806280772"
"993","91","-0.06709781928674158"
"994","91","-0.12191994870234775"
"995","91","-0.0006311799794272821"
"996","91","0.03244335686764606"
"997","91","-0.12142614671011201"
"998","91","-0.02010462631226216"
"999","91","-0.17482100896501562"
"1000","91","-0.14002476092285582"
"1001","91","0.04220594748546254"
"1002","91","-0.19313007714403463"
"1003","91","0.08340816806525142"
"1004","91","0.08443076389073902"
"1005","91","0.07483537612337171"
"1006","91","0.03434218270205669"
"1007","91","0.028678866265660772"
"1008","91","-0.05756357073405154"
"1009","91","0.12425840656561114"
"1010","91","0.08237686914175467"
"1011","91","0.30743273971880997"
"1012","91","0.11163585437808245"
"1013","91","-0.036535195200147294"
"1014","91","0.07967320477490585"
"1015","91","-0.05515933843342511"
"1016","91","-0.09850285569675167"
"1017","91","0.08658454813079562"
"1018","91","0.11608329597265431"
"1019","91","-0.033374115412225826"
"1020","91","-0.14479091593176802"
"1021","91","-0.013325407070493015"
"1022","91","-0.07953268388939916"
"1023","91","0.09315089273995948"
"1024","91","0.09912422288770605"
"1025","91","-0.10778210920204433"
"1026","91","-0.2051115925304125"
"1027","91","-0.11147602510667963"
"1028","91","-0.1455446418616955"
"1029","91","-0.21127893235485304"
"1030","91","0.0797534995421144"
"1031","91","-0.07131708482461187"
"1032","91","-0.14326448215455548"
"1033","91","-0.09015501261046387"
"1034","91","-0.2506348355569351"
"1035","91","0.022109557923365865"
"1036","91","0.17191771428472571"
"1037","91","0.15800835747352468"
"1038","91","-0.17052984180151956"
"1039","91","0.10132178294707765"
"1040","91","-0.029648850089837375"
"1041","91","-0.009162158096688296"
"1042","91","0.013536630066610373"
"1043","91","-0.05004393449111773"
"1044","91","-0.06651934695965292"
"1045","91","0.10393790079787925"
"1046","91","0.023716377672821313"
"1047","91","-0.07966901409133097"
"1048","91","0.0059380712050522925"
"1049","91","-0.011438434493260355"
"1050","91","-0.002228269692861656"
"1051","91","-0.07227509050149475"
"1052","91","-0.16425977761273136"
"1053","91","-0.06229061372498897"
"1054","91","0.07011511945776415"
"1055","91","0.14208740730627953"
"1056","91","0.08959304405784078"
"1057","91","0.060624670691089545"
"1058","91","-0.05207441262037757"
"1059","91","0.10532756460792429"
"1060","91","-0.05030485574853815"
"1061","91","0.17584487147894412"
"1062","91","0.04461974459166321"
"1063","91","-0.1325386443354543"
"1064","91","0.1429808202079078"
"1065","91","-0.12781647421569547"
"1066","91","-0.06807228929646866"
"1067","91","0.08137227058245199"
"1068","91","-0.12476825792496876"
"1069","91","-0.10938752557560791"
"1070","91","-0.03223384072240845"
"1071","91","-0.027229891964481327"
"1072","91","0.18239536862818093"
"1073","91","0.12868077147012408"
"1074","91","-0.16182090324255766"
"1075","91","0.1735247030324952"
"1076","91","0.2224637547741264"
"1077","91","0.012575057809460943"
"1078","91","-0.022911963769786065"
"1079","91","-0.010427890923206767"
"1080","91","0.11503650749335521"
"1081","91","0.2046001488665922"
"1082","91","-0.05746649065587781"
"1083","91","0.016045402753115157"
"1084","91","0.031206398970388044"
"1085","91","0.06396971542657924"
"1086","91","0.10173649524195069"
"1087","91","-0.006612213362702631"
"1088","91","0.09604295121180685"
"1089","91","0.17769439174818272"
"1090","91","0.07172857043862774"
"1091","91","-0.039776695839403034"
"1092","91","0.03231990094571573"
"1093","91","-0.2048077368767519"
"1094","91","-0.03450748325496793"
"1095","91","0.13414586309867554"
"1096","91","0.14157625186738088"
"1097","91","-0.05485125043864508"
"1098","91","-0.02385872338160036"
"1099","91","-0.034100675531307065"
"1100","91","0.03285774706533871"
"1101","91","-0.2701591307600347"
"1102","91","-0.13976858471668052"
"1103","91","0.10801808620263978"
"1104","91","0.08391770190216229"
"1105","91","-0.07676332403883297"
"1106","91","0.1636554985911448"
"1107","91","-0.0707386925413434"
"1108","91","0.16347174536453127"
"1109","91","0.07406285497854043"
"1110","91","-0.15474832737900338"
"1111","91","0.09380164056167055"
"1112","91","0.023481112280386945"
"1113","91","0.06866015162988418"
"1114","91","-0.1372117378687856"
"1115","91","-0.020621270533155312"
"1116","91","-0.02885812855132076"
"1117","91","-0.02007140265597456"
"1118","91","-0.022379240559092496"
"1119","91","-0.040009159228104496"
"1120","91","0.08707693870547234"
"1121","91","-0.13547875963976608"
"1122","91","-0.03057542810398335"
"1123","91","0.1827638715962751"
"1124","91","0.027640863800092556"
"1125","91","0.04022038557084927"
"1126","91","-0.06882791520694245"
"1127","91","0.09068261570508569"
"1128","91","0.1031052054484172"
"1129","91","-0.06280938396380031"
"1130","91","0.1082881332000662"
"1131","91","-0.04631403375019089"
"1132","91","0.03425914841440443"
"1133","91","-0.0773869522699248"
"1134","91","-0.07430500491606451"
"1135","91","-0.040462549026378164"
"1136","91","-0.06552929471573833"
"1137","91","0.0546882071663557"
"1138","91","-0.06270144312225953"
"1139","91","-0.002360611955221387"
"1140","91","-0.07098777986001012"
"1141","91","0.02648208066317351"
"1142","91","0.18281757456106482"
"1143","91","0.008976378045592643"
"1144","91","-0.08202133346798147"
"1145","91","-0.016327732405646958"
"1146","91","0.018247816135830177"
"1147","91","0.08767892563932579"
"1148","91","0.29630347116765515"
"1149","91","0.09018819049221734"
"1150","91","-0.2500656807995664"
"1151","91","-0.16859535318889746"
"1152","91","0.04873202207803743"
"1153","91","0.08457520419506767"
"1154","91","-0.026885439192564926"
"1155","91","-0.1018634599873815"
"1156","91","-0.01195879077325512"
"1157","91","-0.07069279113045285"
"1158","91","-0.06679216833465214"
"1159","91","-0.07406283003098367"
"1160","91","-0.05623576178828654"
"1161","91","-0.04001151714940729"
"1162","91","0.05791728339917296"
"1163","91","0.047024532671460145"
"1164","91","-0.060307735431846005"
"1165","91","-0.009480426997267734"
"1166","91","0.13169738051827973"
"1167","91","-0.06996478567040072"
"1168","91","-0.06865925104052076"
"1169","91","0.03148485431903672"
"1170","91","-0.3150921109919522"
"1171","91","-0.06756312538061307"
"1172","91","-0.1631300997072155"
"1173","91","-0.03961432451985653"
"1174","91","-0.0092348362087654"
"1175","91","0.11058882309884475"
"1176","91","0.08547335463444501"
"1177","91","0.09706572461217527"
"1178","91","-0.09527982120699853"
"1179","91","0.06446817745040137"
"1180","91","0.15112676167681707"
"1181","91","-0.018366616153117337"
"1182","91","-0.031102558686220562"
"1183","91","0.10968119575972742"
"1184","91","-0.12650183283264346"
"1185","91","-0.052645421010173346"
"1186","91","-0.08579910834591777"
"1187","91","-0.04505433092525092"
"1188","91","-0.17174170481601722"
"1189","91","-0.23377850859676097"
"1190","91","0.056936065817796734"
"1191","91","-0.23116939576877926"
"1192","91","-0.06120953018174651"
"1193","91","0.11140414421732785"
"1194","91","-0.027453499297731776"
"1195","91","-0.1621236104691917"
"1196","91","0.03665511499335944"
"1197","91","0.004088470535912734"
"1198","91","0.10642557517959218"
"1199","91","0.11223254069336282"
"1200","91","-0.07473963906511064"
"1201","91","-0.12114512586223686"
"1202","91","0.0009260016697575418"
"1203","91","0.044033435316096374"
"1204","91","-0.11020175092694384"
"1205","91","-0.07708938295082703"
"1206","91","0.1490445726818541"
"1207","91","0.09116623877378353"
"1208","91","-0.047718906507759534"
"1209","91","-0.023915580604739944"
"1210","91","-0.023857207116286208"
"1211","91","-0.14740995012910957"
"1212","91","-0.03210857008079596"
"1213","91","0.04943492874066493"
"1214","91","-0.1421377651598383"
"1215","91","-0.1922472194305006"
"1216","91","0.05098976850697886"
"1217","91","-0.00039110208626383375"
"1218","91","-0.061877944541666355"
"1219","91","-0.11404930116376563"
"1220","91","0.038413114933826355"
"1221","91","0.20706571428298656"
"1222","91","-0.042341480221413784"
"1223","91","-0.09159490322512887"
"1224","91","0.20468516428821804"
"1225","91","0.10402370825415982"
"1226","91","0.14257092062528984"
"1227","91","0.10989909087781165"
"1228","91","-0.0805498689089076"
"1229","91","-0.10570641327912654"
"1230","91","-0.007324230191827072"
"1231","91","0.24581265283730855"
"1232","91","-0.00318324233248195"
"1233","91","-0.12510854352718803"
"1234","91","-0.12909973909181366"
"1235","91","-0.1081251104191345"
"1236","91","0.11558809884620047"
"1237","91","0.01978912269707829"
"1238","91","-0.05066220096330214"
"1239","91","0.005869701037548973"
"1240","91","0.0004176672344033214"
"1241","91","-0.013610365998502039"
"1242","91","0.05465133018079096"
"1243","91","-0.06029600668125964"
"1244","91","-0.008273615652651644"
"1245","91","-0.1163820015515582"
"1246","91","0.04948527906469134"
"1247","91","0.09490309672050286"
"1248","91","0.10866956789788233"
"1249","91","0.004445460916981324"
"1250","91","0.14314356102730694"
"1251","91","0.006026005781655471"
"1252","91","-0.22219514584983463"
"1253","91","-0.1193720322927347"
"1254","91","0.3898502290156465"
"1255","91","0.056993659531069364"
"1256","91","-0.25438612466345384"
"1257","91","-0.2570035382988337"
"1258","91","0.004023105219429038"
"1259","91","0.10361827023616191"
"1260","91","-0.08813459779875943"
"1261","91","0.14168497103401384"
"1262","91","-0.09037663696437122"
"1263","91","0.04598002770368922"
"1264","91","0.06988890508496191"
"1265","91","-0.20227383959677117"
"1266","91","0.06495667903899219"
"1267","91","-0.08079881869682433"
"1268","91","-0.1241040411710445"
"1269","91","-0.02151524203729417"
"1270","91","-0.1682489193652329"
"1271","91","0.23587857447382646"
"1272","91","0.04106645259020287"
"1273","91","-0.15876844636214388"
"1274","91","-0.06562478389646832"
"1275","91","0.039837791625485945"
"1276","91","0.04675265343946565"
"1277","91","0.042681943536350526"
"1278","91","0.22017092929533857"
"1279","91","-0.16911488288315188"
"1280","91","-0.09214719449721269"
"1281","91","-0.06969318046225079"
"1282","91","-0.15846344535304704"
"1283","91","-0.11693139045810076"
"1284","91","0.10860615224054522"
"1285","91","0.04102985255057795"
"1286","91","0.04831901127910871"
"1287","91","0.07868454756778134"
"1288","91","-0.015082235884334317"
"1289","91","-0.18853621446307003"
"1290","91","0.02589703251299885"
"1291","91","-0.015870571857587595"
"1292","91","-0.08661337230079347"
"1293","91","-0.08806454831417544"
"1294","91","-0.04514272462173341"
"1295","91","-0.10622997381238568"
"1296","91","-0.12655352865349984"
"1297","91","-0.02854602063692475"
"1298","91","0.020570484495010297"
"1299","91","0.14698652514130767"
"1300","91","-0.019557728550017986"
"1301","91","-0.10592189714583655"
"1302","91","-0.04121998629900632"
"1303","91","0.1132736902498652"
"1304","91","-0.1293096200473679"
"1305","91","-0.09801753130841712"
"1306","91","-0.18924771633807294"
"1307","91","-0.2598530678989693"
"1308","91","-0.026813660545292"
"1309","91","-0.04874684723897714"
"1310","91","-0.029171366718952672"
"1311","91","-0.05933838533328379"
"1312","91","-0.08189091245555717"
"1313","91","-0.06294865369178693"
"1314","91","0.07396454141963901"
"1315","91","0.05336626371825382"
"1316","91","0.03072438543382539"
"1317","91","-0.09445895661458566"
"1318","91","-0.08725561685756204"
"1319","91","-0.009103880922541933"
"1320","91","0.08419688846725755"
"1321","91","-0.011754382532695926"
"1322","91","-0.039966339810656316"
"1323","91","0.1225045463498909"
"1324","91","-0.15072699828539837"
"1325","91","-0.061829224777969045"
"1326","91","0.10726019301703242"
"1327","91","0.22587582122323177"
"1328","91","-0.04732473773667131"
"1329","91","0.08556374564429527"
"1330","91","0.06233135907374125"
"1331","91","0.04023146958398227"
"1332","91","-0.1294018305221349"
"1333","91","-0.12770326801766363"
"1334","91","0.06861066409054227"
"1335","91","-0.0897680353024364"
"1336","91","-0.0537248077904099"
"1337","91","0.06493668071985662"
"1338","91","0.1417781082859791"
"1339","91","0.04658550324667785"
"1340","91","0.08681264498199745"
"1341","91","-0.04061146689695131"
"1342","91","-0.03899436500059287"
"1343","91","-0.14951455171057945"
"1344","91","-0.008116534698667875"
"1345","91","-0.012552055970000031"
"1346","91","0.03301995284317954"
"1347","91","0.09206169889391301"
"1348","91","-0.035785422544068496"
"1349","91","0.12752217736863664"
"1350","91","0.1529619726014178"
"1351","91","-0.050135055270628365"
"1352","91","0.056459998887558864"
"1353","91","0.16474687637579177"
"1354","91","0.07839637835433061"
"1355","91","0.05459125343363072"
"1356","91","0.21144890359889496"
"1357","91","-0.1014671988580444"
"1358","91","0.02936898212068793"
"1359","91","0.047628689832601094"
"1360","91","0.06744476027686028"
"1361","91","0.02908913893614371"
"1362","91","0.0393968017852415"
"1363","91","-0.03196177422159521"
"1364","91","-0.013893815754585242"
"1365","91","0.005378031479296245"
"1366","91","-0.06301964149453795"
"1367","91","-0.07050043753862043"
"1368","91","-0.16651407126333873"
"1369","91","0.06497596727850637"
"1370","91","-0.11265841377488393"
"1371","91","-0.027244040835411105"
"1372","91","0.06206781724244526"
"1373","91","0.035635167910423114"
"1374","91","-0.032462523955108395"
"1375","91","0.15070047212082635"
"1376","91","0.04834880281766024"
"1377","91","-0.30679800909120936"
"1378","91","-0.16736803073094872"
"1379","91","-0.05281510621240938"
"1380","91","-0.1502456971494276"
"1381","91","-0.07231920279900485"
"1382","91","0.1574420297018472"
"1383","91","-0.10532956235347392"
"1384","91","-0.042502615064784914"
"1385","91","0.09262378093593991"
"1386","91","0.06256385459378118"
"1387","91","-0.10399173461634827"
"1388","91","-0.10804360051196808"
"1389","91","0.11012670333881797"
"1390","91","-0.13948534670599624"
"1391","91","-0.1404587778577585"
"1392","91","0.04494147244536404"
"1393","91","0.03625038392600666"
"1394","91","0.01032593273191032"
"1395","91","-0.04026899860848606"
"1396","91","0.04470078079410414"
"1397","91","0.099951348295236"
"1398","91","0.08251739245487444"
"1399","91","-0.05239465783397033"
"1400","91","0.10056564354969934"
"1401","91","0.05732440704731706"
"1402","91","0.03184667339571337"
"1403","91","-0.035832428580293674"
"1404","91","-0.13000619169355088"
"1405","91","0.0394713652704508"
"1406","91","0.08528095089170884"
"1407","91","-0.08456620527504219"
"1408","91","0.04943925687646701"
"1409","91","-0.04644833218119669"
"1410","91","-0.04239988212680274"
"1411","91","0.06524035220608172"
"1412","91","-0.04297748123183233"
"1413","91","-0.01768843055877179"
"1414","91","-0.05774904382947934"
"1415","91","0.03943465763520035"
"1416","91","-0.09627765888418705"
"1417","91","-0.13650383206076674"
"1418","91","-0.10199036731211136"
"1419","91","0.07951295578747909"
"1420","91","0.05147300743066807"
"1421","91","-0.024247493445078414"
"1422","91","0.02178026693009921"
"1423","91","-0.03356009142045111"
"1424","91","0.04248164169253893"
"1425","91","0.04834250804445401"
"1426","91","-0.08244185824457227"
"1427","91","-0.0381710209039872"
"1428","91","-0.26534767976987395"
"1429","91","0.16092790620571948"
"1430","91","-0.1934321835100734"
"1431","91","-0.039137512111852055"
"1432","91","0.04203299452840013"
"1433","91","0.03903303531387317"
"1434","91","0.1473688912007094"
"1435","91","0.19192208254482584"
"1436","91","-0.08764745796784977"
"1437","91","-0.011793057602967302"
"1438","91","-0.18245211161040756"
"1439","91","-0.1672131745919963"
"1440","91","0.10896748196211584"
"1441","91","-0.20635087943309002"
"1442","91","0.07783145253204186"
"1443","91","-0.05081387334102701"
"1444","91","-0.14506919851939643"
"1445","91","-0.03097209707427622"
"1446","91","0.15724552252039323"
"1447","91","-0.07448873220378827"
"1448","91","0.06273089862205818"
"1449","91","-0.003736565253535265"
"1450","91","-0.04915907195800608"
"1451","91","0.06758507950752372"
"1452","91","0.0037060377472006366"
"1453","91","0.11178725721542479"
"1454","91","-0.05305919970201778"
"1455","91","0.000974224687710698"
"1456","91","-0.04141731746017408"
"1457","91","-0.10641599635608139"
"1458","91","-0.07824741077670144"
"1459","91","-0.2519615677118055"
"1460","91","0.146651151617908"
"1461","91","-0.28157600839569324"
"1462","91","-0.13051758765683574"
"1463","91","0.24791990119998328"
"1464","91","-0.004486579137568591"
"1465","91","-0.06157836298987639"
"1466","91","0.14489930564267692"
"1467","91","0.0077073447616451355"
"1468","91","0.12337063911598933"
"1469","91","0.039625877307317516"
"1470","91","-0.07749037693164437"
"1471","91","-0.1027729908383457"
"1472","91","-0.08625509947563186"
"1473","91","-0.08404327938934053"
"1474","91","-0.11636634597087468"
"1475","91","-0.08950494680305757"
"1476","91","-0.0658147571959115"
"1477","91","-0.06230657286810775"
"1478","91","-0.016259365856367745"
"1479","91","-0.10765220789817341"
"1480","91","-0.0235744130909867"
"1481","91","0.06989530149319016"
"1482","91","-0.07957186992171292"
"1483","91","0.016609798745497274"
"1484","91","0.145560813725479"
"1485","91","0.06290793231569833"
"1486","91","0.0804545249753"
"1487","91","-0.11119538009243518"
"1488","91","0.14695056079534505"
"1489","91","-0.06427513655161812"
"1490","91","0.06280877312835008"
"1491","91","0.1357551550149981"
"1492","91","0.06045591997198162"
"1493","91","0.059025051514413285"
"1494","91","-0.1620215667727487"
"1495","91","0.10061007630368073"
"1496","91","-0.030232832615895166"
"1497","91","0.012950449447349329"
"1498","91","-0.12189875739637172"
"1499","91","0.054544208778667176"
"1500","91","-0.12689701773174428"
"1501","91","0.05274286576496538"
"1502","91","0.0751980924092524"
"1503","91","0.06859508728589693"
"1504","91","0.08122712760345578"
"1505","91","0.08414332926891865"
"1506","91","0.08352197123807552"
"1507","91","-0.0038349806230722925"
"1508","91","-0.11747517927073213"
"1509","91","0.027868944529298764"
"1510","91","-0.027450314958532254"
"1511","91","0.08448323230662155"
"1512","91","-0.022894218771451064"
"1513","91","-0.060763219214301764"
"1514","91","-0.2648583810548064"
"1515","91","0.16793781529134505"
"1516","91","0.11514733218867451"
"1517","91","-0.06406284513652104"
"1518","91","0.07256415783811364"
"1519","91","0.12775911724316905"
"1520","91","-0.17532772030368216"
"1521","91","0.07921193484522254"
"1522","91","-0.02281284712861225"
"1523","91","-0.020273593324061263"
"1524","91","-0.05373737059416528"
"1525","91","0.06992167981599524"
"1526","91","-0.045069275900879675"
"1527","91","0.02102730723561198"
"1528","91","-0.07469518444888071"
"1529","91","-0.22606967522476393"
"1530","91","0.12005743386693844"
"1531","91","0.10233670316926241"
"1532","91","0.018907183636301207"
"1533","91","-0.004032898820416572"
"1534","91","-0.11812189471692124"
"1535","91","0.28715419466279074"
"1536","91","0.13587089004895989"
"1537","91","-0.022549920657147626"
"1538","91","0.004963150217051538"
"1539","91","-0.10648428595984473"
"1540","91","0.03177720921522323"
"1541","91","-0.115031093924595"
"1542","91","-0.15961813906381137"
"1543","91","-0.03318891315349152"
"1544","91","-0.12353253609380575"
"1545","91","0.034349171662858405"
"1546","91","-0.13084788325446145"
"1547","91","0.04071711462895413"
"1548","91","-0.07594405808907971"
"1549","91","0.02758148984543901"
"1550","91","0.03167387630099061"
"1551","91","0.09677304355384475"
"1552","91","0.047323391079264254"
"1553","91","-0.04224836625853852"
"1554","91","-0.051001799836870476"
"1555","91","-0.01781312953704765"
"1556","91","0.0413277620894375"
"1557","91","-0.17779340103457622"
"1558","91","-0.039694597128919734"
"1559","91","0.04847477954103153"
"1560","91","0.17286344941886117"
"1561","91","0.06819030075847052"
"1562","91","0.11066944048450726"
"1563","91","-0.0492716652087414"
"1564","91","-0.0053329642189147205"
"1565","91","-0.2728090447724091"
"1566","91","0.03150211153188207"
"1567","91","-0.10487252814161176"
"1568","91","-0.09112466257613776"
"1569","91","0.1370205345352829"
"1570","91","-0.053828492039487925"
"1571","91","0.041819333450311906"
"1572","91","-0.04697077751091239"
"1573","91","0.021219302405573296"
"1574","91","0.004275753266600655"
"1575","91","0.04710835029698819"
"1576","91","-0.05691260036634531"
"1577","91","-0.13059607933919073"
"1578","91","-0.08745260972491044"
"1579","91","-0.1952207368291188"
"1580","91","-0.01725653754747488"
"1581","91","0.003865838989508631"
"1582","91","0.1871661608077255"
"1583","91","0.14662388782052307"
"1584","91","-0.01441181494482382"
"1585","91","0.06402857168249197"
"1586","91","0.026472910031865325"
"1587","91","0.005322719643734675"
"1588","91","-0.25827474966922515"
"1589","91","0.01877007800434455"
"1590","91","0.032894328391894385"
"1591","91","-0.038429865648139265"
"1592","91","-0.043413124988663704"
"1593","91","-0.27789750036352445"
"1594","91","-0.048214466586433934"
"1595","91","0.07822432337069259"
"1596","91","0.12763901454342055"
"1597","91","0.13228941361149651"
"1598","91","0.1680594853595302"
"1599","91","0.07990649365557834"
"1600","91","-0.08957325541083229"
"1601","91","-0.0728606772574837"
"1602","91","0.025090651752017256"
"1603","91","-0.05301421016200591"
"1604","91","0.011903925391492418"
"1605","91","-0.14781406532731542"
"1606","91","-0.05563406435711339"
"1607","91","-0.16544467789017972"
"1608","91","0.043384575651886303"
"1609","91","0.09667957593305825"
"1610","91","0.038110926765833865"
"1611","91","0.08465427409531895"
"1612","91","0.07715595265023284"
"1613","91","-0.13359406332281873"
"1614","91","-0.11795142729985887"
"1615","91","0.06682616258215275"
"1616","91","0.10067165044059917"
"1617","91","0.14905860885944427"
"1618","91","0.00015325770711874248"
"1619","91","0.2795111226506033"
"1620","91","0.13151919616206556"
"1621","91","-0.051800459595260945"
"1622","91","0.001506701792774265"
"1623","91","0.04296854798290555"
"1624","91","0.05565480095152403"
"1625","91","0.07438698030847495"
"1626","91","0.07879386114446486"
"1627","91","-0.13260726369494608"
"1628","91","-0.029973277518697276"
"1629","91","-0.023545204618567215"
"1630","91","0.03583423554807215"
"1631","91","-0.05987255518202008"
"1632","91","0.002148976882425695"
"1633","91","0.1530498737764115"
"1634","91","-0.10521493664667357"
"1635","91","-0.03951958749588049"
"1636","91","-0.05217528099257191"
"1637","91","-0.13670999527614572"
"1638","91","-0.04354596341971992"
"1639","91","-0.18512033314273427"
"1640","91","-0.19209141296680096"
"1641","91","0.03795415720300092"
"1642","91","0.04261900013078749"
"1643","91","0.04780295881094007"
"1644","91","-0.03175797785049527"
"1645","91","0.18833692432270327"
"1646","91","-0.16287173511161648"
"1647","91","0.016749101492227428"
"1648","91","0.055361372898178364"
"1649","91","0.04374733504912461"
"1650","91","0.07456475346747728"
"1651","91","-0.08745728763173485"
"1652","91","0.16708025824788875"
"1653","91","-0.22164585412965598"
"1654","91","0.05675673035045638"
"1655","91","0.02612651349588203"
"1656","91","-0.10649566662734741"
"1657","91","-0.09060551473178934"
"1658","91","0.15482030468367405"
"1659","91","0.048731660306402524"
"1660","91","0.08481260408096354"
"1661","91","-0.05008989264234989"
"1662","91","0.11123100165035629"
"1663","91","-0.016571940979298885"
"1664","91","0.11424265440753682"
"1665","91","-0.09542828961644037"
"1666","91","-0.1394429375574213"
"1667","91","-0.16935401587225993"
"1668","91","-0.11587661712340784"
"1669","91","0.1144037717952792"
"1670","91","-0.06318553850169893"
"1671","91","-0.10226389932561654"
"1672","91","0.05820561792410584"
"1673","91","-0.038313026070505005"
"1674","91","-0.19452078806342352"
"1675","91","0.0857311037492467"
"1676","91","-0.0942412889092684"
"1677","91","-0.18376948512921532"
"1678","91","-0.10642888064682145"
"1679","91","0.04298351295876816"
"1680","91","0.07013953087927298"
"1681","91","0.04756047179317393"
"1682","91","0.0025397440478218975"
"1683","91","0.02589849031068009"
"1684","91","0.13457445187939587"
"1685","91","0.054202533484530004"
"1686","91","-0.05376723870908476"
"1687","91","-0.09547791099496039"
"1688","91","0.08759181439096195"
"1689","91","0.16240146941041958"
"1690","91","0.013821327793717076"
"1691","91","-0.0038826026531891323"
"1692","91","-0.06000619150824652"
"1693","91","-0.043147575182487706"
"1694","91","-0.04710999043593514"
"1695","91","0.06175594065794416"
"1696","91","-0.11088872567478551"
"1697","91","0.15014863482086033"
"1698","91","-0.06186473666840981"
"1699","91","0.058846866684628095"
"1700","91","0.058394714897455735"
"1701","91","0.0339008892481487"
"1702","91","0.09409878417768502"
"1703","91","-0.02428897442035091"
"1704","91","0.06021698731475781"
"1705","91","-0.10802007315500496"
"1706","91","0.13649944542231152"
"1707","91","-0.04650768321267396"
"1708","91","-0.014282337094386838"
"1709","91","-0.05709136766594173"
"1710","91","-0.1832831434281704"
"1711","91","0.05598734285011026"
"1712","91","-0.09782440347417251"
"1713","91","-0.13955329906745365"
"1714","91","-0.16342552086950746"
"1715","91","0.11814681988619655"
"1716","91","0.07409770816179881"
"1717","91","-0.13666742999798293"
"1718","91","0.029651757218640374"
"1719","91","0.18909754180065463"
"1720","91","-0.165558057547344"
"1721","91","0.0831270974350999"
"1722","91","0.18378011968637703"
"1723","91","-0.04963243453198318"
"1724","91","0.02520007230245757"
"1725","91","0.030926609146276793"
"1726","91","0.01723702566404617"
"1727","91","-0.15205712786031675"
"1728","91","0.1679767771165878"
"1729","91","-0.07618525745234721"
"1730","91","-0.05347321351930785"
"1731","91","0.012882983131225222"
"1732","91","0.16957308367168875"
"1733","91","0.08225033161491065"
"1734","91","-0.05734023907922409"
"1735","91","0.12565283887152118"
"1736","91","0.0703610570025823"
"1737","91","-0.18917159413830484"
"1738","91","-0.2815505030701196"
"1739","91","0.06520479925063292"
"1740","91","-0.11944190260737349"
"1741","91","0.1881179215272106"
"1742","91","-0.125034187436486"
"1743","91","-0.07343857240803657"
"1744","91","-0.2076222113806431"
"1745","91","0.1378912419423393"
"1746","91","0.006436677750678326"
"1747","91","-0.17287770937510386"
"1748","91","-0.09265922433788645"
"1749","91","0.016519151770697824"
"1750","91","-0.046731573690672906"
"1751","91","-0.10240317764909143"
"1752","91","0.06797829618965293"
"1753","91","-0.15879428910970958"
"1754","91","-0.03522291926823079"
"1755","91","-0.025231905764582493"
"1756","91","-0.05702280584798076"
"1757","91","-0.05271519025343053"
"1758","91","-0.07516562133364918"
"1759","91","-0.14155223557827812"
"1760","91","-0.08902877699209667"
"1761","91","-0.009882133692940262"
"1762","91","0.15069261345755097"
"1763","91","-0.04965722614352044"
"1764","91","-0.17737347978941997"
"1765","91","-0.10868938399789374"
"1766","91","0.05997458748884116"
"1767","91","-0.16285273727109686"
"1768","91","0.07995689332352714"
"1769","91","-0.13945993914508933"
"1770","91","0.0255886547010334"
"1771","91","0.0288105086882002"
"1772","91","-0.09396375529972648"
"1773","91","0.15078427415710313"
"1774","91","0.007348733063312508"
"1775","91","-0.06503412693938719"
"1776","91","-0.04153459273484574"
"1777","91","-0.2572423626144567"
"1778","91","-0.07740753670052464"
"1779","91","0.08738318849691336"
"1780","91","0.07562316887016256"
"1781","91","0.024558119589413993"
"1782","91","-0.01913006125059077"
"1783","91","-0.030980811475110705"
"1784","91","0.0904924212494919"
"1785","91","0.11505825195518223"
"1786","91","0.09920099201611657"
"1787","91","0.004983276764881243"
"1788","91","0.08396485752010782"
"1789","91","-0.009061506046221171"
"1790","91","0.0037780660729126664"
"1791","91","-0.03394197383925476"
"1792","91","0.04705673683479431"
"1793","91","-0.0402948088638058"
"1794","91","-0.08011678577701738"
"1795","91","-0.02765750281477169"
"1796","91","0.11354640394319412"
"1797","91","-0.15234058856409896"
"1798","91","-0.12685273102828612"
"1799","91","0.050217338886377444"
"1800","91","0.10369254903184048"
"1801","91","-0.05640056947689922"
"1802","91","-0.03074487166354356"
"1803","91","-0.03503422887291164"
"1804","91","-0.026156741687985326"
"1805","91","-0.03002526060817549"
"1806","91","-0.09240649441293737"
"1807","91","-0.05240764085262237"
"1808","91","-0.15893088806021743"
"1809","91","0.044323272584746345"
"1810","91","0.06639110239962197"
"1811","91","0.07858472420140308"
"1812","91","-0.07052943017442069"
"1813","91","0.10672461176337787"
"1814","91","0.08901022211238226"
"1815","91","-0.040773263150092734"
"1816","91","0.030914088296000623"
"1817","91","0.03996394206555714"
"1818","91","0.05116582579238105"
"1819","91","0.1265733699118164"
"1820","91","0.07334021291509103"
"1821","91","-0.021268607504048753"
"1822","91","-0.016514521074737713"
"1823","91","-0.3151347674826026"
"1824","91","0.05004043442077328"
"1825","91","0.05062759017782534"
"1826","91","0.09928225974053946"
"1827","91","0.0007657889516805778"
"1828","91","-0.036304759818418866"
"1829","91","0.016326792971354098"
"1830","91","-0.12310894296076513"
"1831","91","0.11730904017842785"
"1832","91","-0.08632380171649141"
"1833","91","-0.058658820093611015"
"1834","91","-0.0013171873361976282"
"1835","91","0.0047527905356093665"
"1836","91","-0.06018347253378221"
"1837","91","0.1891994438380758"
"1838","91","0.20942818069484648"
"1839","91","0.0480677840481515"
"1840","91","-0.022810739637800576"
"1841","91","0.07805351968941018"
"1842","91","0.08564840217510775"
"1843","91","0.27899398909522616"
"1844","91","-0.017266144307108777"
"1845","91","-0.15331945596933216"
"1846","91","-0.07985636268120112"
"1847","91","-0.016710416634398213"
"1848","91","-0.0766385675495367"
"1849","91","-0.007208419175235604"
"1850","91","0.19952822270665618"
"1851","91","0.05739457328400431"
"1852","91","-0.008272108859327155"
"1853","91","0.06390346966608142"
"1854","91","-0.009240551867843828"
"1855","91","-0.12979654858298972"
"1856","91","0.029921897719035646"
"1857","91","-0.09705556635844093"
"1858","91","0.17460590467835455"
"1859","91","-0.17153600344515685"
"1860","91","-0.16361160969183283"
"1861","91","0.07221046742053294"
"1862","91","0.0466201090513673"
"1863","91","0.05147497907468625"
"1864","91","-0.11824478051590598"
"1865","91","0.12492702335859855"
"1866","91","0.0633043843439188"
"1867","91","-0.13562533632811577"
"1868","91","-0.09401656347624415"
"1869","91","0.06102551683995793"
"1870","91","0.004313943558690968"
"1871","91","0.06657036290674886"
"1872","91","-0.20994457501134145"
"1873","91","-0.09434911344668637"
"1874","91","-0.14025101734220005"
"1875","91","0.12222009867201988"
"1876","91","-0.12564009105457796"
"1877","91","-0.07249066859281311"
"1878","91","0.18194327810754207"
"1879","91","-0.07424018802547194"
"1880","91","-0.09450193610570512"
"1881","91","-0.08351419027877693"
"1882","91","-0.0165342192977997"
"1883","91","-0.0692703820714147"
"1884","91","0.12337986122012323"
"1885","91","0.1458414935000573"
"1886","91","-0.14863268651388886"
"1887","91","0.13716518364553615"
"1888","91","-0.3022990696222358"
"1889","91","0.03054788248453424"
"1890","91","-0.04543709530141231"
"1891","91","-0.02355468189781093"
"1892","91","-0.12845415828622314"
"1893","91","0.025297436241300184"
"1894","91","-0.05312226846240631"
"1895","91","-0.087651987207313"
"1896","91","-0.024050849443828844"
"1897","91","-0.00953020574978133"
"1898","91","-0.03751878155726121"
"1899","91","0.0741027057893173"
"1900","91","-0.35927574643392374"
"1901","91","-0.016825834321969373"
"1902","91","0.01870451088720177"
"1903","91","0.11518878004725289"
"1904","91","0.0057746991664290445"
"1905","91","0.09114533380611761"
"1906","91","0.17891474957762019"
"1907","91","-0.0804672437254383"
"1908","91","0.029292651028968605"
"1909","91","0.12666992763869964"
"1910","91","-0.11766794127128075"
"1911","91","-0.003107770920999371"
"1912","91","-0.05392206520962099"
"1913","91","0.07874589920415802"
"1914","91","-0.052841764547666405"
"1915","91","-0.13025845893894616"
"1916","91","0.018260232067792183"
"1917","91","0.20770194503398665"
"1918","91","-0.05922517396302439"
"1919","91","0.12454848447789414"
"1920","91","0.0076259264073365"
"1921","91","0.15338695923643786"
"1922","91","-0.05787058720789086"
"1923","91","-0.031040954377598275"
"1924","91","0.029216297973150916"
"1925","91","-0.02252147337992033"
"1926","91","0.05064660749481887"
"1927","91","-0.07563294687919034"
"1928","91","-0.26468593024259196"
"1929","91","-0.25732830696750925"
"1930","91","-0.0865116332493401"
"1931","91","-0.2189106848141353"
"1932","91","0.05764704623703604"
"1933","91","-0.08797806277380404"
"1934","91","-0.09629515445200121"
"1935","91","0.04890410921055923"
"1936","91","-0.0447084399113979"
"1937","91","-0.12374795660528674"
"1938","91","-0.04435410414580411"
"1939","91","0.1352953866284143"
"1940","91","-0.018774638980091973"
"1941","91","0.14922185333172544"
"1942","91","0.07148343730075761"
"1943","91","0.008814670219237966"
"1944","91","-0.21140049418631116"
"1945","91","0.05218434484305978"
"1946","91","0.0008566641256061721"
"1947","91","0.023932960789086553"
"1948","91","0.174964031509815"
"1949","91","0.06031762375060059"
"1950","91","0.052474822268461715"
"1951","91","0.0015432333633640443"
"1952","91","-0.11276852039909416"
"1953","91","0.1406512308705054"
"1954","91","0.1301494881846026"
"1955","91","-0.15473148618324492"
"1956","91","-0.10305795820423162"
"1957","91","-0.21407806756221764"
"1958","91","-0.13250151351956208"
"1959","91","0.09908463686435133"
"1960","91","-0.16592426580160688"
"1961","91","0.01902437058889332"
"1962","91","0.013765455298057578"
"1963","91","-0.0998508996762086"
"1964","91","-0.03285249756611364"
"1965","91","-0.14003032376886143"
"1966","91","-0.1590682770395702"
"1967","91","0.1626264037850983"
"1968","91","0.011645196821926648"
"1969","91","-0.07339562933514081"
"1970","91","-0.004865947316298038"
"1971","91","0.0030122741462994293"
"1972","91","-0.02670977197592613"
"1973","91","-0.07432568788554207"
"1974","91","-0.011730030965150993"
"1975","91","-0.025708025540466785"
"1976","91","-0.05522522481032536"
"1977","91","-0.03034377944287432"
"1978","91","-0.042402462661286916"
"1979","91","-0.16235369745363976"
"1980","91","0.06463402097827217"
"1981","91","0.16810568984286214"
"1982","91","0.11175889396931352"
"1983","91","-0.05634964042823142"
"1984","91","0.10726497541915125"
"1985","91","0.053117476908174026"
"1986","91","-0.0017945723858750332"
"1987","91","0.12209847731177913"
"1988","91","0.10255702310706216"
"1989","91","-0.17866201844749344"
"1990","91","0.07394034230904117"
"1991","91","0.16115138593108644"
"1992","91","-0.16216877155189405"
"1993","91","0.08471540264754254"
"1994","91","-0.008853245593641193"
"1995","91","0.07853451470370186"
"1996","91","-0.05740426366314838"
"1997","91","-0.0614164258859383"
"1998","91","0.050484087035135405"
"1999","91","-0.18760626836396185"
"2000","91","0.043227550745856484"
"2001","91","0.06538062650053307"
"2002","91","0.19352495425409583"
"2003","91","0.0020720007973541146"
"2004","91","0.0012924178130604418"
"2005","91","-0.10874078891364253"
"2006","91","-0.0735853739454333"
"2007","91","-0.08699989135387455"
"2008","91","0.09266590043385672"
"2009","91","-0.016077806887178678"
"2010","91","-0.04848222010866681"
"2011","91","-0.08107383886452271"
"2012","91","-0.05495097225889364"
"2013","91","0.07126864623810697"
"2014","91","0.07285319712771181"
"2015","91","0.19303285759851874"
"2016","91","-0.13348893688127936"
"2017","91","-0.08730957909224304"
"2018","91","-0.2156028050472227"
"2019","91","-0.030085360617386328"
"2020","91","0.10651087525975382"
"2021","91","-0.006757906215333761"
"2022","91","-0.14347939970097046"
"2023","91","-0.18330191300831677"
"2024","91","-0.024748874374688302"
"2025","91","0.07781692538856387"
"2026","91","-0.09140058144455546"
"2027","91","0.16134016508614402"
"2028","91","0.03861715665181949"
"2029","91","-0.03273133053786763"
"2030","91","0.06401333621411098"
"2031","91","0.170726346096836"
"2032","91","0.0665319600733033"
"2033","91","-0.01478917451488742"
"2034","91","-0.008954024275031294"
"2035","91","0.05488071366261391"
"2036","91","-0.005968381649695772"
"2037","91","0.06932499187553957"
"2038","91","0.0340919800012629"
"2039","91","-0.1291448760229443"
"2040","91","-0.055924360664421205"
"2041","91","-0.0028481299165194545"
"2042","91","0.0012093979340552833"
"2043","91","0.023209877736159266"
"2044","91","0.13689703064992811"
"2045","91","0.017322603464497318"
"2046","91","0.1796256740629963"
"2047","91","0.08379775536133008"
"2048","91","-0.12990536322647578"
"2049","91","-0.220740953521765"
"2050","91","0.016026646279400293"
"2051","91","-0.19106052744649293"
"2052","91","0.05648230001786481"
"2053","91","0.08372730661577503"
"2054","91","-0.13953551889107757"
"2055","91","0.026722441923270793"
"2056","91","-0.07424640094924762"
"2057","91","-0.06274578681049645"
"2058","91","-0.12898790478382413"
"2059","91","0.2044655122452623"
"2060","91","0.0922273102401822"
"2061","91","0.09044375915161196"
"2062","91","0.014355541330313786"
"2063","91","-0.06597037263175225"
"2064","91","-0.021421318113998347"
"2065","91","0.08905039537424424"
"2066","91","0.04293526916202225"
"2067","91","0.1021999411723181"
"2068","91","-0.10161999888930479"
"2069","91","-0.12985734618120093"
"2070","91","0.16017239834633934"
"2071","91","-0.3780030319954833"
"2072","91","-0.06590461101309451"
"2073","91","0.03593095526487694"
"2074","91","0.2553082773664945"
"2075","91","-0.10684178461444732"
"2076","91","-0.15444374531219487"
"2077","91","-0.0600832163612223"
"2078","91","0.07039137782428675"
"2079","91","0.06095506163794381"
"2080","91","0.0821805752921527"
"2081","91","-0.19856470601443305"
"2082","91","-0.046099992426894235"
"2083","91","0.0022925577629379808"
"2084","91","-0.0016045382771301786"
"2085","91","0.06527109407217685"
"2086","91","0.06237264712009127"
"2087","91","-0.022060154038157507"
"2088","91","-0.03057000625754423"
"2089","91","-0.014264550645226097"
"2090","91","-0.06363264405612236"
"2091","91","-0.07290231387836728"
"2092","91","-0.009920315764858696"
"2093","91","0.06677849610741993"
"2094","91","0.05439763619113001"
"2095","91","-0.21068293143301273"
"2096","91","0.019087252061834706"
"2097","91","-0.17663522927205627"
"2098","91","-0.13296433368762145"
"2099","91","-0.05009646280477906"
"2100","91","0.005087155720427918"
"2101","91","0.013823284021712835"
"2102","91","-0.0064868605618655616"
"2103","91","0.14532516701132553"
"2104","91","-0.06984433695876034"
"2105","91","0.030985825470949194"
"2106","91","-0.10700732718129387"
"2107","91","0.08558480824090126"
"2108","91","0.06981256056694793"
"2109","91","-0.08564847754322885"
"2110","91","0.1168228974022362"
"2111","91","0.05359344723855203"
"2112","91","-0.05591110326262553"
"2113","91","0.08931259107705235"
"2114","91","-0.05909640156589632"
"2115","91","-0.13913355221890816"
"2116","91","0.09749780475109207"
"2117","91","-0.023999589275239725"
"2118","91","-0.008036887241993768"
"2119","91","0.16557813315507522"
"2120","91","-0.07040589018973632"
"2121","91","-0.1779357468047254"
"2122","91","-0.0493137263493831"
"2123","91","0.012152641484595082"
"2124","91","-0.07815521647911003"
"2125","91","-0.24571132930799808"
"2126","91","0.08076369113786509"
"2127","91","0.028242390931553694"
"2128","91","-0.06372109747303505"
"2129","91","-0.006664543242100817"
"2130","91","0.006490154093944637"
"2131","91","-0.0136367103197543"
"2132","91","-0.13653138042146723"
"2133","91","0.04377304460839787"
"2134","91","0.14521981803052209"
"2135","91","0.0449657339344168"
"2136","91","0.05768090324072384"
"2137","91","0.07874919312646636"
"2138","91","0.16227678523235495"
"2139","91","-0.056080279608855865"
"2140","91","-0.05884687091890441"
"2141","91","-0.14142304036297842"
"2142","91","0.025006134005364618"
"2143","91","0.07495033788706375"
"2144","91","0.1263614912580538"
"2145","91","-0.1657586074313875"
"2146","91","-0.09084920637076337"
"2147","91","0.12688948602838937"
"2148","91","0.0017683356697669609"
"2149","91","0.021023891681168232"
"2150","91","0.014438263687508203"
"2151","91","-0.11515207586547413"
"2152","91","-0.04896625320311251"
"2153","91","0.0630983660286005"
"2154","91","-0.004782099657721406"
"2155","91","0.05072032276392481"
"2156","91","-0.13189780254437977"
"2157","91","0.01916384981297526"
"2158","91","0.06429659650248769"
"2159","91","-0.01599678729899567"
"2160","91","0.040549782895565774"
"2161","91","-0.07915012343558309"
"2162","91","-0.13444001100347683"
"2163","91","0.11272173277200159"
"2164","91","-0.06673775227775448"
"2165","91","-0.008790914679944849"
"2166","91","-0.07211230914019981"
"2167","91","-0.1574582601186258"
"2168","91","0.049920258766925074"
"2169","91","-0.11060076195867889"
"2170","91","-0.11717213837891183"
"2171","91","0.018744442418950624"
"2172","91","-0.013773468183690213"
"2173","91","-0.010464626414075981"
"2174","91","0.021384726293259094"
"2175","91","0.26356091418324723"
"2176","91","-0.0167354158819292"
"2177","91","0.03877846047371732"
"2178","91","0.0030282488376334377"
"2179","91","-0.10444459935147266"
"2180","91","0.13950794677919864"
"2181","91","-0.06862073150207763"
"2182","91","0.20985728708518267"
"2183","91","-0.04941877652475085"
"2184","91","-0.008777622757962174"
"2185","91","-0.009045707467279595"
"2186","91","0.04493088921997984"
"2187","91","0.07784594965974165"
"2188","91","-0.08172725753357574"
"2189","91","0.05386102657951385"
"2190","91","0.055609595893907286"
"2191","91","-0.020171992121851244"
"2192","91","-0.0564139899515418"
"2193","91","0.1764259226540797"
"2194","91","-0.22388633850757053"
"2195","91","-0.08056825474579017"
"2196","91","-0.10940928844242219"
"2197","91","-0.03141660839043173"
"2198","91","-0.018187877686284798"
"2199","91","0.13142501286397745"
"2200","91","0.008504737808976363"
"2201","91","0.20183634602341202"
"2202","91","-0.062337819017191674"
"2203","91","-0.15123656136122934"
"2204","91","0.013678453552824833"
"2205","91","-0.14745597835815716"
"2206","91","0.06826531501987003"
"2207","91","-0.08474454919235998"
"2208","91","0.13722069618708668"
"2209","91","-0.14277445885201875"
"2210","91","0.013149351361804965"
"2211","91","0.057251460243128875"
"2212","91","0.0903331720451389"
"2213","91","0.0983858781662209"
"2214","91","-0.07491641176645615"
"2215","91","-0.11120049391197352"
"2216","91","0.2679630050066435"
"2217","91","0.04148543449490693"
"2218","91","-0.1460944317428072"
"2219","91","0.208276506037214"
"2220","91","0.02058973827069934"
"2221","91","0.11799471257743066"
"2222","91","-0.11236031255491898"
"2223","91","0.07802230846900919"
"2224","91","0.012996920521609083"
"2225","91","0.006683715391840662"
"2226","91","-0.008665143756408089"
"2227","91","0.07581756391807017"
"2228","91","0.01426649024797632"
"2229","91","-0.07399872939992834"
"2230","91","0.08321088230279143"
"2231","91","-0.18374890520238896"
"2232","91","0.12070308493466399"
"2233","91","-0.1480061607422317"
"2234","91","0.08139573043601561"
"2235","91","-0.08356481122510742"
"2236","91","-0.1771166218638005"
"2237","91","-0.03246143221017981"
"2238","91","0.057626331398718623"
"2239","91","0.09644629260422195"
"2240","91","0.10809389299433188"
"2241","91","-0.05962913139059019"
"2242","91","0.06514456587059339"
"2243","91","0.06911786249298958"
"2244","91","0.11103458226960256"
"2245","91","0.03664867444402518"
"2246","91","0.12469959738989025"
"2247","91","0.054911711077933"
"2248","91","-0.0997827595305314"
"2249","91","-0.03150595400449239"
"2250","91","0.062598417147633"
"2251","91","0.0239191318992821"
"2252","91","0.06852608752067636"
"2253","91","0.11550083569797916"
"2254","91","-0.08677087175778836"
"2255","91","-0.0019368760916002377"
"2256","91","0.09187753137487492"
"2257","91","0.025594820521818176"
"2258","91","-0.07559837076972643"
"2259","91","-0.12505889479281662"
"2260","91","0.04016356235790797"
"2261","91","-0.1466092641936954"
"2262","91","-0.009523620045574001"
"2263","91","0.011306161663001121"
"2264","91","0.03426445587489781"
"2265","91","0.03942273077878103"
"2266","91","0.020691912070938307"
"2267","91","0.04054736220463593"
"2268","91","0.07093778495479013"
"2269","91","0.011740693428101521"
"2270","91","0.021880890674043654"
"2271","91","0.042534265111714424"
"2272","91","0.02019769044671288"
"2273","91","0.024061525447895075"
"2274","91","-0.13750155206972953"
"2275","91","0.09565467935715292"
"2276","91","-0.07084661137782078"
"2277","91","-0.02306579252753579"
"2278","91","0.13515990864689847"
"2279","91","-0.2991701817568107"
"2280","91","0.041489578034523175"
"2281","91","0.10238998168618316"
"2282","91","-0.05635797795663327"
"2283","91","-0.040139063919819556"
"2284","91","-0.1467331014437068"
"2285","91","0.04437398545528876"
"2286","91","-0.025332224944060403"
"2287","91","-0.08209972218395932"
"2288","91","0.05826974896412944"
"2289","91","-0.16747209013807413"
"2290","91","-0.18757232428354692"
"2291","91","-0.014305777625660876"
"2292","91","0.008937741624153556"
"2293","91","0.0054004318642899615"
"2294","91","-0.06278262180206687"
"2295","91","-0.03462114700148214"
"2296","91","0.06843237611294327"
"2297","91","0.010004978256174468"
"2298","91","0.06563267761180035"
"2299","91","-0.034570627462970696"
"2300","91","-0.0676278986645014"
"2301","91","-0.14134761566820206"
"2302","91","-0.005990177334802023"
"2303","91","-0.1565005998628437"
"2304","91","-0.060611182340711146"
"2305","91","0.1034377911911282"
"2306","91","-0.08906645032006923"
"2307","91","-0.04812251708158638"
"2308","91","-0.011675124128326638"
"2309","91","0.11856671494365476"
"2310","91","0.007415605413311639"
"2311","91","0.07973362484627332"
"2312","91","-0.10066011279072806"
"2313","91","-0.03751405589978236"
"2314","91","0.029296423095319383"
"2315","91","0.0005689587575325825"
"2316","91","-0.11484264108750054"
"2317","91","0.08946713084018738"
"2318","91","-0.0885782788965482"
"2319","91","-0.08861554165808645"
"2320","91","-0.12753386353605614"
"2321","91","-0.22607443167279764"
"2322","91","-0.3211348815275771"
"2323","91","-0.17311926680302053"
"2324","91","-0.0319487810944238"
"2325","91","0.025352336283559287"
"2326","91","-0.10743126515157764"
"2327","91","-0.08588063633042466"
"2328","91","0.04826991464138488"
"2329","91","-0.0770148244540974"
"2330","91","-0.06537977973218737"
"2331","91","0.23023499001456502"
"2332","91","0.05526856038411407"
"2333","91","0.011943017684346831"
"2334","91","0.058240893307748204"
"2335","91","0.03553697439015454"
"2336","91","0.060688301092532516"
"2337","91","0.03955554607805441"
"2338","91","-0.047111130362908836"
"2339","91","0.005520646360036898"
"2340","91","0.09481072532105891"
"2341","91","-0.23975042497669194"
"2342","91","0.011420794105681205"
"2343","91","0.20380554968934297"
"2344","91","0.008238215425158105"
"2345","91","0.04627231427753942"
"2346","91","0.07875991581861404"
"2347","91","-0.016921624402565564"
"2348","91","-0.11289471816199871"
"2349","91","0.0354357622388901"
"2350","91","-0.03294475786689764"
"2351","91","-0.04947635816209032"
"2352","91","0.002405105376085258"
"2353","91","-0.16544062727455838"
"2354","91","-0.03442854650848964"
"2355","91","-0.21279684613346225"
"2356","91","0.04478039926155869"
"2357","91","-0.10398705077038504"
"2358","91","-0.009518342672515123"
"2359","91","0.030155089840267848"
"2360","91","-0.007642426067771859"
"2361","91","-0.1270685062073077"
"2362","91","-0.1486032676099896"
"2363","91","-0.009764355607707503"
"2364","91","0.059058604253033796"
"2365","91","-0.02690133935402598"
"2366","91","-0.027914877650062196"
"2367","91","0.028697286858491412"
"2368","91","0.025985671999343866"
"2369","91","-0.01650889163944433"
"2370","91","-0.14965156433307378"
"2371","91","0.06013231693393656"
"2372","91","0.1963894789448669"
"2373","91","0.03342434935144411"
"2374","91","-0.02426789595485555"
"2375","91","0.005136479908526579"
"2376","91","0.08968489702067944"
"2377","91","-0.05300370465827092"
"2378","91","0.11596056632330964"
"2379","91","-0.021079505774551355"
"2380","91","0.050081972134533616"
"2381","91","-0.17680430115504386"
"2382","91","0.008158854761798126"
"2383","91","0.10420758750903712"
"2384","91","-0.06898836014872331"
"2385","91","0.015799396223125563"
"2386","91","-0.1613325405914278"
"2387","91","-0.02755183958225032"
"2388","91","0.00720134881106719"
"2389","91","0.17686839291443227"
"2390","91","-0.16363048260417246"
"2391","91","0.06063801155907717"
"2392","91","0.03319637466363963"
"2393","91","-0.05162850766193013"
"2394","91","0.09868809495941157"
"2395","91","0.05216452945787394"
"2396","91","-0.0016871554177891224"
"2397","91","-0.11394455843763242"
"2398","91","-0.019292586651690407"
"2399","91","0.059375628113430154"
"2400","91","-0.08746405169829352"
"2401","91","0.0981642776485657"
"2402","91","-0.03297635514756933"
"2403","91","-0.10314055558025943"
"2404","91","-0.09137399931991115"
"2405","91","0.07095311812288052"
"2406","91","0.032692041989401684"
"2407","91","-0.1387204072928074"
"2408","91","0.06293618229433433"
"2409","91","-0.07580249513466852"
"2410","91","-0.14878559050306012"
"2411","91","0.03196473951113611"
"2412","91","0.07336289249974405"
"2413","91","0.17541626643811942"
"2414","91","0.11776553826221411"
"2415","91","0.09497894025456763"
"2416","91","-0.10296735757774987"
"2417","91","0.006487586527604198"
"2418","91","0.2499671877355038"
"2419","91","0.03822848536737919"
"2420","91","-0.13786745218967192"
"2421","91","-0.0014012050139540252"
"2422","91","0.1262989963871864"
"2423","91","-0.10103405272746808"
"2424","91","-0.25563817271336725"
"2425","91","-0.14859313961932352"
"2426","91","0.011619043693384741"
"2427","91","0.033570021043803945"
"2428","91","-0.08907595168354933"
"2429","91","0.03948840663265578"
"2430","91","-0.11872553656009618"
"2431","91","-0.055746235989215236"
"2432","91","-0.042096727493843515"
"2433","91","-0.009686462062763699"
"2434","91","0.04043432768943929"
"2435","91","0.04789276850063207"
"2436","91","-0.08635060843194156"
"2437","91","-0.1358167562254651"
"2438","91","0.05912322209601635"
"2439","91","0.010775262694749805"
"2440","91","-0.18277989915817602"
"2441","91","-0.09148438989140835"
"2442","91","0.1840893689948584"
"2443","91","0.02129473493244517"
"2444","91","-0.024303490443009137"
"2445","91","-0.04688271120388916"
"2446","91","-0.06728454886270327"
"2447","91","0.009613996990512423"
"2448","91","0.04719062823017867"
"2449","91","-0.08572848406576673"
"2450","91","-0.08332085193922867"
"2451","91","-0.025399838905723525"
"2452","91","0.02535039216802465"
"2453","91","-0.1038524990909905"
"2454","91","-0.0417401240232149"
"2455","91","-0.1208977110526069"
"2456","91","-0.08513613781470039"
"2457","91","-0.003960177087407301"
"2458","91","0.021039897292639706"
"2459","91","-0.3055614183990939"
"2460","91","0.08691849885331608"
"2461","91","-0.13391965776705583"
"2462","91","-0.152704692385303"
"2463","91","-0.1404884584687715"
"2464","91","0.07152497048943805"
"2465","91","0.02727929730158016"
"2466","91","-0.34805608652405706"
"2467","91","-0.2899265973910782"
"2468","91","-0.12147385833120865"
"2469","91","-0.1310732577051226"
"2470","91","-0.2273196079080173"
"2471","91","-0.0211258385933527"
"2472","91","0.06687203387370184"
"2473","91","-0.16269619245453285"
"2474","91","-0.10866335419286753"
"2475","91","-0.08382559010682361"
"2476","91","0.11812153007065837"
"2477","91","-0.008231259276111012"
"2478","91","-0.07695997277658938"
"2479","91","-0.1197256724013516"
"2480","91","0.07203884870994748"
"2481","91","0.07521624234595153"
"2482","91","-0.021774337138231365"
"2483","91","-0.2610353902832176"
"2484","91","-0.01981764425038979"
"2485","91","0.045269300853626133"
"2486","91","-0.11231981974584132"
"2487","91","-0.07957542176530012"
"2488","91","0.11911966714984695"
"2489","91","-0.12016174138752853"
"2490","91","0.10018866985308841"
"2491","91","0.015243961624537627"
"2492","91","0.02241853847000694"
"2493","91","0.046579094955256216"
"2494","91","0.06940564213309482"
"2495","91","-0.07713407757533694"
"2496","91","0.05781721715148817"
"2497","91","0.02086110066006206"
"2498","91","-0.04188346646496855"
"2499","91","-0.17128988594926636"
"2500","91","-0.23684548313004408"
"2501","91","-0.056370863008498286"
"2502","91","-0.0032635875538065116"
"2503","91","0.1324484502325386"
"2504","91","0.06312454513547457"
"2505","91","0.16059484225876283"
"2506","91","-0.14458024234244649"
"2507","91","-0.004818865943272928"
"2508","91","-0.1741840013828489"
"2509","91","-0.04637524489830787"
"2510","91","0.022709965120107856"
"2511","91","0.2115002891167832"
"2512","91","0.18738632868174643"
"2513","91","-0.12273847327197174"
"2514","91","-0.1421182504834554"
"2515","91","-0.20443988395748708"
"2516","91","-0.22452296528479532"
"2517","91","0.2499303541552896"
"2518","91","-0.08022429431596582"
"2519","91","-0.056385372146685306"
"2520","91","0.016113618951513815"
"2521","91","-0.1276096878785568"
"2522","91","-0.07101355004248534"
"2523","91","-0.16218891008966133"
"2524","91","-0.05463407597555956"
"2525","91","0.12088938627197787"
"2526","91","0.13061780370831982"
"2527","91","0.021624615146081806"
"2528","91","-0.004003908611832296"
"2529","91","0.0138476310852601"
"2530","91","-0.09433711976575702"
"2531","91","-0.14766761530425093"
"2532","91","-0.030003160467593274"
"2533","91","0.05609508600378247"
"2534","91","-0.039494927510134635"
"2535","91","-0.034508481157271995"
"2536","91","-0.05924810696955858"
"2537","91","-0.036028277902381715"
"2538","91","0.006502331041278803"
"2539","91","-0.01359077455941746"
"2540","91","0.08549097990948674"
"2541","91","-0.2858995346079159"
"2542","91","0.01147199769207139"
"2543","91","0.02857788473335591"
"2544","91","-0.10554180644289385"
"2545","91","0.05788912151620991"
"2546","91","-0.1460576471046301"
"2547","91","-0.07721248834357691"
"2548","91","-0.16431296841888807"
"2549","91","0.019535771617698688"
"2550","91","-0.16764664742145233"
"2551","91","-0.0665877222434993"
"2552","91","0.0050480597304485625"
"2553","91","0.09837888063738258"
"2554","91","0.08234578649157649"
"2555","91","0.07838580942727352"
"2556","91","0.04305820654435395"
"2557","91","0.029711159570101973"
"2558","91","0.05006372045989142"
"2559","91","0.007708589362720322"
"2560","91","0.13341323703914396"
"2561","91","-0.009794815021385706"
"2562","91","-0.16086723649543416"
"2563","91","0.062174738525722494"
"2564","91","0.049900880242713476"
"2565","91","0.04549952902097628"
"2566","91","0.011222858549020788"
"2567","91","-0.14524940822361035"
"2568","91","-0.016111982677666746"
"2569","91","0.0245488631925278"
"2570","91","0.04234445945525451"
"2571","91","-0.09606694748425385"
"2572","91","0.07785395892945668"
"2573","91","-0.22432830318759214"
"2574","91","-0.06328461161465172"
"2575","91","0.10597515946128024"
"2576","91","-0.031992857824897976"
"2577","91","-0.1497591525506991"
"2578","91","-0.026114210137052497"
"2579","91","0.06109576659583429"
"2580","91","-0.033742252702470894"
"2581","91","-0.18179308753232834"
"2582","91","0.01663426746047309"
"2583","91","0.07264305018421208"
"2584","91","0.15831648995042888"
"2585","91","0.11837502055032519"
"2586","91","0.10029450886878855"
"2587","91","0.14794868703449826"
"2588","91","0.06544315629571275"
"2589","91","-0.0756301565103141"
"2590","91","0.15973300144864358"
"2591","91","-0.024609087346757447"
"2592","91","0.054299795947249596"
"2593","91","-0.051841179900560135"
"2594","91","-0.09034751101207691"
"2595","91","0.09465381442953148"
"2596","91","0.07081336079762675"
"2597","91","0.015975807827993672"
"2598","91","-0.10634576084321821"
"2599","91","0.06145598009070688"
"2600","91","0.01168160002937219"
"2601","91","-0.041740197171329874"
"2602","91","0.020834340576925424"
"2603","91","0.01910271104834417"
"2604","91","0.026178109189733532"
"2605","91","-0.035241533471799896"
"2606","91","-0.22337882347220775"
"2607","91","-0.11868126737952779"
"2608","91","-0.1298238325747236"
"2609","91","0.12432437125386196"
"2610","91","-0.0540798756905415"
"2611","91","-0.05556625365514628"
"2612","91","0.031870402730504864"
"2613","91","0.09515188476605378"
"2614","91","-0.08006780330676092"
"2615","91","0.06409976646589507"
"2616","91","0.04429972064180012"
"2617","91","-0.21221519686984006"
"2618","91","-0.07376181489499642"
"2619","91","0.10597407890083699"
"2620","91","-0.01983082294292204"
"2621","91","0.03931011725436988"
"2622","91","0.053407467929873116"
"2623","91","0.1112126682803332"
"2624","91","-0.09427663556432833"
"2625","91","-0.0859597820327103"
"2626","91","-0.18915202387625457"
"2627","91","0.07433184277877343"
"2628","91","0.07045224701512724"
"2629","91","0.048460995036845374"
"2630","91","-0.11326588841754683"
"2631","91","0.1093959360048411"
"2632","91","-0.11987049285614282"
"2633","91","-0.011014520823340555"
"2634","91","0.03500890029310757"
"2635","91","0.04083376966026339"
"2636","91","0.05257087615317447"
"2637","91","0.01576234835016863"
"2638","91","0.041681986289792444"
"2639","91","-0.11713829760124994"
"2640","91","-0.04927474342319125"
"2641","91","0.09765890132145609"
"2642","91","-0.02808827074208101"
"2643","91","-0.22147310876877185"
"2644","91","-0.04182660756619652"
"2645","91","0.025955074463439164"
"2646","91","-0.1053570468954847"
"2647","91","0.03875150368383201"
"2648","91","-0.056641049170029344"
"2649","91","0.028617158267324843"
"2650","91","-0.0034788783224235036"
"2651","91","-0.19032087991281002"
"2652","91","0.002465096666641403"
"2653","91","-0.06109802079401016"
"2654","91","-0.054348164326801014"
"2655","91","0.1695819906861518"
"2656","91","-0.08817916964129231"
"2657","91","0.015440828527539953"
"2658","91","-0.1827614011941382"
"2659","91","0.048458282382663156"
"2660","91","-0.10047789622656847"
"2661","91","-0.08218759237769073"
"2662","91","0.06103753083472154"
"2663","91","0.07706050877555948"
"2664","91","-0.049245621238374684"
"2665","91","0.08511361629493386"
"2666","91","-0.008115076279204275"
"2667","91","0.0006117724328440153"
"2668","91","-0.06581277264005879"
"2669","91","-0.15964059855846163"
"2670","91","0.26186526424305917"
"2671","91","-0.03986174286452838"
"2672","91","-0.17838348907505064"
"2673","91","-0.17417263135135896"
"2674","91","0.005319595197087617"
"2675","91","-0.18571889563858363"
"2676","91","-0.05254264910391598"
"2677","91","-0.06406701045883974"
"2678","91","-0.11063140505641958"
"2679","91","0.09337356180506245"
"2680","91","0.09045137041725532"
"2681","91","0.10098836842162962"
"2682","91","0.018103175920248474"
"2683","91","-0.04463529835052082"
"2684","91","0.04286258137942102"
"2685","91","-0.06219813074739135"
"2686","91","0.049042044474050125"
"2687","91","-0.086298674691001"
"2688","91","0.025564869435396827"
"2689","91","0.049348753165727656"
"2690","91","-0.131715187219435"
"2691","91","-0.2770069868847352"
"2692","91","-0.07168547205775926"
"2693","91","0.013944715613186384"
"2694","91","-0.07012320092872129"
"2695","91","-0.013238147631801511"
"2696","91","0.04161886705131023"
"2697","91","-0.22474583779588334"
"2698","91","0.09072694893900958"
"2699","91","0.13678580058231551"
"2700","91","-0.2963858746293618"
"2701","91","0.1401861005965893"
"2702","91","0.025878363440022745"
"2703","91","-0.07953076906843906"
"2704","91","-0.08859997508325634"
"2705","91","-0.04079157758697297"
"2706","91","-0.047334826961904934"
"2707","91","0.06149128559892974"
"2708","91","0.03430077674173924"
"2709","91","0.12684929885373034"
"2710","91","-0.35416506855311175"
"2711","91","-0.09053318620030379"
"2712","91","0.01276945937440416"
"2713","91","0.1704379115295733"
"2714","91","0.06621098883847387"
"2715","91","0.1280968208355483"
"2716","91","-0.10929660186863051"
"2717","91","-0.19547642174601315"
"2718","91","-0.025255507493210132"
"2719","91","0.0777223311561253"
"2720","91","-0.07833812136919113"
"2721","91","-0.061306946359467984"
"2722","91","-0.02654807350611392"
"2723","91","-0.034035716804176754"
"2724","91","-0.05809621864329596"
"2725","91","-0.09460742735283376"
"2726","91","0.03571320252796228"
"2727","91","-0.030771247473995275"
"2728","91","0.03478293740925994"
"2729","91","-0.1142865642444653"
"2730","91","-0.1377347802665711"
"2731","91","0.04856061109344897"
"2732","91","-0.00408341822819103"
"2733","91","0.17049024612519595"
"2734","91","0.28746818164493104"
"2735","91","-0.060636508657401646"
"2736","91","0.16709619482186316"
"2737","91","0.026165986477252948"
"2738","91","-0.2738079866134502"
"2739","91","0.20158144185888882"
"2740","91","0.06501173041842108"
"2741","91","0.07813365842281833"
"2742","91","-0.02362416754238175"
"2743","91","-0.06567231215592521"
"2744","91","-0.19116189671593542"
"2745","91","0.02050735500477133"
"2746","91","-0.1203980201886623"
"2747","91","0.01944466926802754"
"2748","91","0.08393616287450999"
"2749","91","-0.11469565267361066"
"2750","91","0.09054902232605394"
"2751","91","-0.022545740091269924"
"2752","91","-0.034943720922890865"
"2753","91","-0.16289333958225033"
"2754","91","0.12001324082339473"
"2755","91","-0.18752028294002734"
"2756","91","0.008424180936053424"
"2757","91","-0.006811840512262067"
"2758","91","3.955523792060662e-05"
"2759","91","-0.16003495457991254"
"2760","91","0.10097493356297368"
"2761","91","0.09009812021583595"
"2762","91","-0.1854746796695624"
"2763","91","-0.024742000969635365"
"2764","91","-0.04565491437350116"
"2765","91","0.11746423897900453"
"2766","91","-0.11635253287231004"
"2767","91","0.16709153707676577"
"2768","91","0.1623379328884447"
"2769","91","0.10744031319668618"
"2770","91","-0.0021225241248373212"
"2771","91","0.011457416250214859"
"2772","91","0.13924172555084938"
"2773","91","-0.06559148662910838"
"2774","91","-0.0669175892603001"
"2775","91","0.07259121488818894"
"2776","91","-0.34129099368411864"
"2777","91","0.032353707269942626"
"2778","91","0.08254532644674395"
"2779","91","-0.19172761156517237"
"2780","91","0.1892900611541391"
"2781","91","-0.004719655168737665"
"2782","91","0.1662451278222177"
"2783","91","-0.227115665652535"
"2784","91","-0.17540553964877623"
"2785","91","-0.22433557023510994"
"2786","91","0.14214862589354726"
"2787","91","-0.017047389187940822"
"2788","91","0.0634126371792622"
"2789","91","-0.06964445505107693"
"2790","91","-0.06754521131370543"
"2791","91","0.036036065896088355"
"2792","91","0.04223432087566605"
"2793","91","-0.012903715073969974"
"2794","91","0.04682193809853783"
"2795","91","0.023934343875469145"
"2796","91","0.017319400843282245"
"2797","91","-0.10081027238477754"
"2798","91","-0.1571929596538323"
"2799","91","0.09130268546448139"
"2800","91","0.01881954501557958"
"2801","91","-0.12941443602515784"
"2802","91","0.10763244413854035"
"2803","91","-0.06948821675958342"
"2804","91","-0.00957270702883922"
"2805","91","-0.05921092614252948"
"2806","91","-0.1358627346405481"
"2807","91","-0.0020622888704419228"
"2808","91","-0.0016994332132658477"
"2809","91","-0.040672361514935376"
"2810","91","-0.09461467956981671"
"2811","91","0.07313688129164782"
"2812","91","-0.04881658405763813"
"2813","91","-0.009372970273059793"
"2814","91","0.05550764261745997"
"2815","91","-0.16313218769647767"
"2816","91","0.05111892648628224"
"2817","91","0.03001329584675044"
"2818","91","0.11495814253009835"
"2819","91","-0.15946663212145526"
"2820","91","-0.012253831959978204"
"2821","91","0.1306953957175445"
"2822","91","0.22543782953192382"
"2823","91","0.026727415718542834"
"2824","91","-0.03130637986846708"
"2825","91","0.028767361795077082"
"2826","91","0.12722568875873794"
"2827","91","0.13202834565064928"
"2828","91","0.017564972111620374"
"2829","91","-0.10138861070400558"
"2830","91","-0.0066477925378720815"
"2831","91","0.02352449738828458"
"2832","91","-0.024850002664619057"
"2833","91","-0.08915443385877071"
"2834","91","0.06839887421363654"
"2835","91","-0.0693037424011806"
"2836","91","0.04237629825173726"
"2837","91","0.045182238563228234"
"2838","91","-0.12172770179493621"
"2839","91","-0.05194044955878389"
"2840","91","-0.055629963494779805"
"2841","91","-0.27800123835860374"
"2842","91","0.10034849592473412"
"2843","91","-0.05166808648115863"
"2844","91","-0.029421527213456953"
"2845","91","0.2816683434989336"
"2846","91","-0.07699599453446446"
"2847","91","-0.0631756253262221"
"2848","91","0.046541129517910465"
"2849","91","0.06830468416573363"
"2850","91","0.013082878623237365"
"2851","91","-0.13604124808161408"
"2852","91","0.052194118295105375"
"2853","91","0.06572594001604071"
"2854","91","-0.04715111829848383"
"2855","91","0.0025195856203578154"
"2856","91","-0.041871273199914"
"2857","91","-0.11504786799370699"
"2858","91","-0.05812229969020722"
"2859","91","-0.14446588301123103"
"2860","91","-0.04569528379330329"
"2861","91","-0.0012276085491963408"
"2862","91","0.08023783880062427"
"2863","91","-0.07175115451699104"
"2864","91","0.002830876329031972"
"2865","91","-0.08589856262317996"
"2866","91","-0.06419772879396464"
"2867","91","0.03588349979024658"
"2868","91","0.009388357797908788"
"2869","91","-0.05754325975974936"
"2870","91","0.018894797847358796"
"2871","91","-0.003382218527814449"
"2872","91","0.05554776981574194"
"2873","91","0.029965637747029265"
"2874","91","-0.02835051939318845"
"2875","91","-0.08247606246872474"
"2876","91","-0.008753682597129017"
"2877","91","0.04124695675249215"
"2878","91","0.02337742415011267"
"2879","91","0.08228861455844959"
"2880","91","-0.07551215262239946"
"2881","91","0.015307080157244433"
"2882","91","0.056382529233846804"
"2883","91","0.1846802504625502"
"2884","91","0.03407369450732971"
"2885","91","0.05514590598951481"
"2886","91","-0.11005836304723939"
"2887","91","0.04960494140300263"
"2888","91","-0.055800616368570935"
"2889","91","0.061054304695577606"
"2890","91","-0.11515699270280093"
"2891","91","0.16764448541053228"
"2892","91","0.015227448881186373"
"2893","91","0.2488836739212341"
"2894","91","0.023832677947347572"
"2895","91","-0.19257780250749978"
"2896","91","0.328767631913238"
"2897","91","-0.018650387386902"
"2898","91","0.08493372568454872"
"2899","91","-0.010471103107161912"
"2900","91","-0.2190522443655831"
"2901","91","0.03952009273572797"
"2902","91","0.036432588472982204"
"2903","91","0.09550422943678634"
"2904","91","-0.12846610693436739"
"2905","91","0.03150182567669453"
"2906","91","-0.02311642451249861"
"2907","91","0.04861707662562138"
"2908","91","-0.0024464409382709547"
"2909","91","-0.06134602929478879"
"2910","91","0.11149471908748788"
"2911","91","-0.08873782473596549"
"2912","91","-0.19315009084904822"
"2913","91","0.035446957695556225"
"2914","91","0.03997724451379832"
"2915","91","-0.07936975573688668"
"2916","91","-0.0423912179268261"
"2917","91","0.09545988870090508"
"2918","91","0.15019400746410477"
"2919","91","0.035015085558317276"
"2920","91","-0.047984742444720695"
"2921","91","0.23601082548062258"
"2922","91","-0.03941341966314194"
"2923","91","0.12175105353739747"
"2924","91","0.06500286080958913"
"2925","91","-0.04184745482642914"
"2926","91","-0.0171747445453778"
"2927","91","-0.15268540750270762"
"2928","91","-0.2005510074113694"
"2929","91","0.17348203401013698"
"2930","91","-0.15046877739914546"
"2931","91","0.052193970311860814"
"2932","91","-0.09300599406190241"
"2933","91","-0.057789470315287986"
"2934","91","-0.0942634615053112"
"2935","91","0.05254840611921257"
"2936","91","0.15218856657376625"
"2937","91","0.030983364859183262"
"2938","91","0.10659124637123117"
"2939","91","-0.2954027091485704"
"2940","91","-0.2571646901289628"
"2941","91","-0.18299249505935977"
"2942","91","-0.08207541824349206"
"2943","91","-0.24385276777490286"
"2944","91","-0.08621863527429655"
"2945","91","-0.12225563341049007"
"2946","91","-0.053431510520012514"
"2947","91","-0.20640393620691885"
"2948","91","0.0005930067114808773"
"2949","91","-0.03695411668521679"
"2950","91","0.0763196662875628"
"2951","91","0.02650400780261099"
"2952","91","0.0822546191793791"
"2953","91","-0.06512299259488069"
"2954","91","0.018338032701266424"
"2955","91","0.10026808056855929"
"2956","91","-0.14298839696051568"
"2957","91","0.12484431252383614"
"2958","91","-0.03239379226561149"
"2959","91","0.013724400546997067"
"2960","91","0.17230996479365113"
"2961","91","0.12127315001831887"
"2962","91","-0.15850716390909053"
"2963","91","0.028750592516405788"
"2964","91","0.22175305278145077"
"2965","91","-0.1061636675675096"
"2966","91","0.06404727002952425"
"2967","91","0.1879590774929588"
"2968","91","-0.002095474717888703"
"2969","91","-0.20904490218917832"
"2970","91","0.02278371509792664"
"2971","91","0.08602916811268482"
"2972","91","0.0002751740590329253"
"2973","91","-0.2944680903580732"
"2974","91","-0.07877061573370044"
"2975","91","-0.041388110273317034"
"2976","91","-0.23802289947707594"
"2977","91","-0.0825073566686381"
"2978","91","-0.0037677348592476444"
"2979","91","-0.04944784261405861"
"2980","91","-0.11276678522627319"
"2981","91","-0.1779306012133592"
"2982","91","-0.013203419379378785"
"2983","91","-0.029954089790201952"
"2984","91","-0.15737642001047633"
"2985","91","0.06200235808063683"
"2986","91","0.10608297708204474"
"2987","91","0.05971579190786265"
"2988","91","-0.007247764871493192"
"2989","91","-0.10055042473861858"
"2990","91","-0.028834892207222528"
"2991","91","0.0740349241523899"
"2992","91","-0.052413928185077716"
"2993","91","0.008886467396498078"
"2994","91","0.12814453505893486"
"2995","91","0.07757756294248559"
"2996","91","0.13839796149116548"
"2997","91","-0.019152772712940223"
"2998","91","0.06857565726130266"
"2999","91","0.025670795973588907"
"3000","91","-0.04864098900905477"
"3001","91","0.18462333088195423"
"3002","91","0.033263889317428325"
"3003","91","-0.10888207177702713"
"3004","91","0.010315114159325425"
"3005","91","0.13680819322493437"
"3006","91","-0.1661290852753208"
"3007","91","0.18488529949198654"
"3008","91","-0.023881145099600345"
"3009","91","-0.08466999605066539"
"3010","91","-0.012483945741085535"
"3011","91","-0.015269749273725652"
"3012","91","0.16799260280484704"
"3013","91","-0.19893023581135363"
"3014","91","0.016224176399439075"
"3015","91","0.16955925988668358"
"3016","91","-0.04073872043313379"
"3017","91","-0.08310556012289683"
"3018","91","-0.07699558786031048"
"3019","91","0.03261654726370156"
"3020","91","-0.16272262733525492"
"3021","91","-0.1405554440331611"
"3022","91","0.03945047731020339"
"3023","91","0.048424420887311415"
"3024","91","0.08154313684147514"
"3025","91","0.11758195681192117"
"3026","91","-0.008228635754915945"
"3027","91","0.01399107930761536"
"3028","91","0.0576035722806278"
"3029","91","-0.14521783443992897"
"3030","91","-0.2758971485198553"
"3031","91","-0.07990446867031135"
"3032","91","-0.017827286316547945"
"3033","91","0.018928937306530114"
"3034","91","-0.04799875491934318"
"3035","91","0.05033936027932803"
"3036","91","0.05679980117841551"
"3037","91","-0.2495226380707113"
"3038","91","-0.04044815363226563"
"3039","91","0.10318501098809081"
"3040","91","0.010823920572968663"
"3041","91","0.005082742356494421"
"3042","91","-0.12190536831429892"
"3043","91","0.061036488366171246"
"3044","91","0.12162019060552852"
"3045","91","-0.09977985459623777"
"3046","91","0.10410729355913624"
"3047","91","-0.0005261236347691558"
"3048","91","0.03707007607926065"
"3049","91","-0.05386246712974846"
"3050","91","-0.11519618053400905"
"3051","91","-0.04177020229958794"
"3052","91","0.11573858936015809"
"3053","91","-0.060435908723369125"
"3054","91","0.023034560819646697"
"3055","91","-0.018350099987973996"
"3056","91","-0.16685137088130322"
"3057","91","0.2410233107349282"
"3058","91","0.2746191286313123"
"3059","91","-0.1471990516559735"
"3060","91","0.00980030304508173"
"3061","91","-0.15777118115938893"
"3062","91","0.032185869826321316"
"3063","91","-0.07293830603169119"
"3064","91","0.014466466769116245"
"3065","91","0.012689757593956824"
"3066","91","0.14052663541189092"
"3067","91","-0.07354723453861117"
"3068","91","-0.2611839995248481"
"3069","91","0.011026162067013361"
"3070","91","-0.00646198906610078"
"3071","91","-0.07273204463637281"
"3072","91","-0.20930573846624093"
"3073","91","0.02544565526779583"
"3074","91","-0.1613175634967672"
"3075","91","-0.09244292467196998"
"3076","91","0.06579418618205184"
"3077","91","0.09498669030079464"
"3078","91","0.1104829913562617"
"3079","91","0.09338411447864323"
"3080","91","0.06239994839525844"
"3081","91","0.035318317402815914"
"3082","91","-0.10718513763982147"
"3083","91","0.08022968136119672"
"3084","91","0.07144974943804853"
"3085","91","-0.041331550713496076"
"3086","91","0.04111003564579538"
"3087","91","0.06195251205156853"
"3088","91","0.06818923627752653"
"3089","91","-0.199715870914521"
"3090","91","-0.03190332034015761"
"3091","91","-0.1363226447925614"
"3092","91","0.02761970887253355"
"3093","91","-0.04933930470589898"
"3094","91","-0.19446186277075317"
"3095","91","0.17015461262990708"
"3096","91","0.0726477520077503"
"3097","91","0.14829537477236507"
"3098","91","0.000501608342874896"
"3099","91","-0.1584397742452437"
"3100","91","0.005102561937344166"
"3101","91","0.0385595950829095"
"3102","91","-0.14861396570561752"
"3103","91","0.05385414772922182"
"3104","91","-0.027893284967389766"
"3105","91","-0.00840025418788032"
"3106","91","0.01919879312200966"
"3107","91","0.04677865203666535"
"3108","91","-0.25288921759794963"
"3109","91","0.06944660635732526"
"3110","91","0.007761434556214924"
"3111","91","0.15182917102387716"
"3112","91","0.15575894618507796"
"3113","91","0.06483778305728803"
"3114","91","0.0333688260160557"
"3115","91","-0.06589889910123915"
"3116","91","-0.17339723875440033"
"3117","91","-0.04047721405815435"
"3118","91","0.11315772189367522"
"3119","91","-0.08019001784757206"
"3120","91","-0.10040161642552835"
"3121","91","0.09748100285201217"
"3122","91","0.1252193613104947"
"3123","91","0.11043705588666046"
"3124","91","0.1805936575322124"
"3125","91","-0.012293404424158936"
"3126","91","-0.020018762813984018"
"3127","91","0.029931957915919738"
"3128","91","0.06856846240554468"
"3129","91","0.02878359853551747"
"3130","91","0.052155993739765476"
"3131","91","0.000700496748694649"
"3132","91","-0.02446589303924861"
"3133","91","-0.08552465344581785"
"3134","91","-0.1090310840897543"
"3135","91","-0.04593185605917326"
"3136","91","0.05734436107983791"
"3137","91","-0.1348914453223507"
"3138","91","0.03639526429272778"
"3139","91","0.18492666795000368"
"3140","91","0.014088880692254472"
"3141","91","-0.07288721260401516"
"3142","91","-0.20845726427553884"
"3143","91","-0.019670611784102978"
"3144","91","0.18074862577440565"
"3145","91","-0.13758168318357447"
"3146","91","-0.07283328154280055"
"3147","91","0.08292227837731576"
"3148","91","-0.07433745584772929"
"3149","91","-0.07128195846037949"
"3150","91","-0.00896784598072323"
"3151","91","-0.04061887474264581"
"3152","91","-0.17570373160975236"
"3153","91","0.03440823241864431"
"3154","91","0.12817947504145177"
"3155","91","0.036734052198337135"
"3156","91","0.008928886565383657"
"3157","91","0.07087846272587814"
"3158","91","-0.01342276304188257"
"3159","91","0.027383529688627818"
"3160","91","-0.06047870616782336"
"3161","91","0.1581290807436902"
"3162","91","-0.06698644286510527"
"3163","91","0.049759879736935866"
"3164","91","-0.09747848458836603"
"3165","91","0.11493937116614339"
"3166","91","-0.010038897917852042"
"3167","91","0.10137627881553384"
"3168","91","-0.034251893486947974"
"3169","91","0.08836301808203434"
"3170","91","0.004623440042258244"
"3171","91","0.027220134112789375"
"3172","91","-0.19247690621954544"
"3173","91","-0.14551071801763368"
"3174","91","0.06478921974120828"
"3175","91","0.10552983301690938"
"3176","91","0.13789570712347546"
"3177","91","0.028632289704978144"
"3178","91","0.20748291770114705"
"3179","91","0.23831482666205445"
"3180","91","-0.028195370691754953"
"3181","91","0.1160419196580835"
"3182","91","-0.025404834982618463"
"3183","91","0.09154504432846206"
"3184","91","-0.09567148036519225"
"3185","91","0.08773589005176198"
"3186","91","-0.14442300758312526"
"3187","91","0.10162163690656133"
"3188","91","0.003255864125235517"
"3189","91","-0.10531527774824384"
"3190","91","0.02512050727353002"
"3191","91","0.24084268500532213"
"3192","91","-0.024521907779023768"
"3193","91","0.11607039712487385"
"3194","91","0.08253915502512053"
"3195","91","-0.005783744841193831"
"3196","91","-0.10098993025275434"
"3197","91","-0.09294923425052477"
"3198","91","0.11901425201723574"
"3199","91","0.13700244967033998"
"3200","91","0.09301042325544458"
"3201","91","0.01926095417623193"
"3202","91","0.10516402440316519"
"3203","91","0.005612501631751018"
"3204","91","0.04509831592827708"
"3205","91","-0.00972042718265089"
"3206","91","0.17007308745607966"
"3207","91","-0.15539730268966995"
"3208","91","1.334160180409948e-05"
"3209","91","0.05181143777812664"
"3210","91","0.10832616057630697"
"3211","91","-0.0789579414364804"
"3212","91","0.11081081271081718"
"3213","91","-0.011713574562771131"
"3214","91","0.010108456262267947"
"3215","91","0.054167052035126145"
"3216","91","0.022123774026886537"
"3217","91","-0.13660555126030322"
"3218","91","-0.08991528548331787"
"3219","91","-0.04371200369345187"
"3220","91","-0.02252457596030016"
"3221","91","-0.004920701541246239"
"3222","91","-0.07930687160297263"
"3223","91","-0.05988481950749018"
"3224","91","0.023766672599055294"
"3225","91","0.04971123282269596"
"3226","91","0.053558853142645725"
"3227","91","-0.009397511231010439"
"3228","91","-0.08334332878915691"
"3229","91","-0.1603222080709136"
"3230","91","0.04903935820035166"
"3231","91","-0.06798700093889277"
"3232","91","0.10662530315988178"
"3233","91","-0.08767386546727135"
"3234","91","-0.0831345477251792"
"3235","91","0.07421864987277817"
"3236","91","-0.01363402767513677"
"3237","91","0.0055643814937993245"
"3238","91","-0.1327731982643363"
"3239","91","-0.160661426738773"
"3240","91","0.0050748173681209865"
"3241","91","-0.05281090970229957"
"3242","91","0.09421702833381167"
"3243","91","-0.08343104647099031"
"3244","91","-0.1050189237476122"
"3245","91","0.10576062403981049"
"3246","91","-0.0369678361729058"
"3247","91","0.0025362689195783713"
"3248","91","0.19501858669524558"
"3249","91","0.22209950313942237"
"3250","91","0.017404413737775598"
"3251","91","0.033193772367352575"
"3252","91","-0.01688318624467188"
"3253","91","-0.06706006043283111"
"3254","91","0.08662917376364773"
"3255","91","0.04614760005935571"
"3256","91","-0.041027134128002185"
"3257","91","0.019231870391862072"
"3258","91","0.023180735799019855"
"3259","91","-0.08952788513855574"
"3260","91","-0.07121160209890548"
"3261","91","0.1394010000696724"
"3262","91","0.08184731538565292"
"3263","91","0.16052515607246623"
"3264","91","0.12213084302161027"
"3265","91","0.1629656308470327"
"3266","91","-0.010361780457622835"
"3267","91","0.15975475021671645"
"3268","91","0.037701236627916274"
"3269","91","-0.016622681708505244"
"3270","91","-0.030525586641424685"
"3271","91","0.015996349631380434"
"3272","91","-0.1312849259269623"
"3273","91","0.015499523284237995"
"3274","91","0.02238841839405564"
"3275","91","-0.010246441834502526"
"3276","91","-0.1536189480101511"
"3277","91","0.03185778716969568"
"3278","91","-0.07713345489380496"
"3279","91","-0.04541833236221016"
"3280","91","0.15516083092711444"
"3281","91","-0.15039317236026525"
"3282","91","0.11632197231465165"
"3283","91","0.0054644181096544595"
"3284","91","-0.0531369028329988"
"3285","91","-0.16184692826667418"
"3286","91","-0.013076463475375166"
"3287","91","0.11275896462162549"
"3288","91","-0.05247242283360125"
"3289","91","0.06293228344600243"
"3290","91","-0.03953799309583307"
"3291","91","0.022692290047398755"
"3292","91","0.06353567166068853"
"3293","91","-0.0035237249575501093"
"3294","91","0.13825627993268874"
"3295","91","-0.12015706934990222"
"3296","91","-0.07995716362010385"
"3297","91","0.050551447767418774"
"3298","91","-0.0767748331947565"
"3299","91","-0.14136730169688086"
"3300","91","-0.019373966457590003"
"3301","91","0.026138081538515136"
"3302","91","-0.04160366304012557"
"3303","91","-0.07148168681085441"
"3304","91","-0.04166173994720172"
"3305","91","-0.05129887509968973"
"3306","91","-0.20549544966385716"
"3307","91","0.032162379316807876"
"3308","91","0.19207745576145896"
"3309","91","0.039467587043874805"
"3310","91","0.07089124478329961"
"3311","91","0.05120982555639733"
"3312","91","0.09266979184879365"
"3313","91","0.03430000014299373"
"3314","91","0.07114700108991764"
"3315","91","-0.0771984021154733"
"3316","91","0.05554342391881505"
"3317","91","0.057112531822743395"
"3318","91","-0.21931751303300223"
"3319","91","-0.10896437207519578"
"3320","91","-0.08094939070828068"
"3321","91","0.119138538170606"
"3322","91","-0.18390233846253484"
"3323","91","0.01915385566611425"
"3324","91","-0.03323222510215438"
"3325","91","0.07811976098348618"
"3326","91","-0.001760104522276925"
"3327","91","0.2271993914839403"
"3328","91","0.16932312791825338"
"3329","91","-0.004705346677698161"
"3330","91","-0.11618748868666384"
"3331","91","-0.02645712259397976"
"3332","91","-0.042399639180098765"
"3333","91","0.024809558138394687"
"3334","91","-0.06588544427715083"
"3335","91","-0.1513305774898846"
"3336","91","-0.13648778165645006"
"3337","91","0.15156433849554937"
"3338","91","0.00851478494279174"
"3339","91","0.2920283276424732"
"3340","91","-0.044358036628853174"
"3341","91","-0.16047664842261272"
"3342","91","-0.14058186471941916"
"3343","91","-0.17941515278565567"
"3344","91","-0.013925646924596682"
"3345","91","-0.015440882689969"
"3346","91","0.11505595739866073"
"3347","91","0.053428237497899385"
"3348","91","0.013700001847010765"
"3349","91","0.02310088139794747"
"3350","91","-0.09274941339514825"
"3351","91","-0.1580363839281605"
"3352","91","0.05823120392673529"
"3353","91","0.024592042910033796"
"3354","91","0.002459258816580046"
"3355","91","0.042343256540635185"
"3356","91","-0.03453285937099698"
"3357","91","0.05253551577889059"
"3358","91","-0.07665572132617761"
"3359","91","0.057913748682526946"
"3360","91","0.12271219676672744"
"3361","91","0.013865685240444216"
"3362","91","0.015192599547182727"
"3363","91","-0.23015054746433838"
"3364","91","-0.2035621759319377"
"3365","91","0.025817900101462034"
"3366","91","-0.01512611817226071"
"3367","91","0.0898780251163843"
"3368","91","-0.06388455966301253"
"3369","91","-0.08584738639521654"
"3370","91","-0.032739053848311925"
"3371","91","0.10359689753652793"
"3372","91","-0.006874007742278493"
"3373","91","0.1310203663468566"
"3374","91","-0.1930844562235111"
"3375","91","0.1315229805303416"
"3376","91","-0.2302945095275728"
"3377","91","-0.11179931465385971"
"3378","91","-0.08839506117571462"
"3379","91","-0.14548142925098995"
"3380","91","0.044439587233440485"
"3381","91","-0.003164846868476398"
"3382","91","0.02662063052924244"
"3383","91","-0.03384033478700556"
"3384","91","-0.17866985715332553"
"3385","91","0.1593704600861164"
"3386","91","-0.2863815659747355"
"3387","91","0.09437578972964848"
"3388","91","0.024515251437182188"
"3389","91","0.1837620979636869"
"3390","91","-0.09508550697261027"
"3391","91","0.023731278449115604"
"3392","91","0.04011728952497076"
"3393","91","0.015203511875781436"
"3394","91","-0.05545993009369398"
"3395","91","-0.049635436437878114"
"3396","91","-0.20184402351312297"
"3397","91","-0.016498260000821944"
"3398","91","0.15862671487445512"
"3399","91","0.04409194222131544"
"3400","91","-0.15896402769312687"
"3401","91","0.0796481814928359"
"3402","91","-0.0700314981211085"
"3403","91","-0.007811367624802685"
"3404","91","-0.2995646920371057"
"3405","91","-0.04410711962773316"
"3406","91","0.25948716230366203"
"3407","91","-0.16723364808244612"
"3408","91","0.08474645997429178"
"3409","91","0.09236331709165073"
"3410","91","-0.0737749988555523"
"3411","91","0.1488894888028174"
"3412","91","0.0686112593914926"
"3413","91","-0.11132689111531587"
"3414","91","-0.042111877181049036"
"3415","91","-0.19682625528241496"
"3416","91","-0.09379532886629573"
"3417","91","-0.12305711574599369"
"3418","91","-0.019033783111665856"
"3419","91","-0.03873007112025126"
"3420","91","0.05184868679853056"
"3421","91","-0.23047214977467587"
"3422","91","0.014284744230249183"
"3423","91","0.24978864998548142"
"3424","91","-0.03247872047046383"
"3425","91","-0.05311117629209411"
"3426","91","0.08245663569465228"
"3427","91","-0.04887161466549321"
"3428","91","-0.0917002630239991"
"3429","91","0.05806710451524451"
"3430","91","0.036462523790650715"
"3431","91","-0.012401251230287604"
"3432","91","-0.239051466195887"
"3433","91","0.05042516726498416"
"3434","91","-0.09117384539481868"
"3435","91","-0.0015746838422361208"
"3436","91","0.023149606526916566"
"3437","91","-0.042016593908763736"
"3438","91","-0.1142441166015874"
"3439","91","-0.18883605740401094"
"3440","91","-0.033412507278179175"
"3441","91","0.014944070343516669"
"3442","91","-0.15345536135658436"
"3443","91","-0.1227193824055761"
"3444","91","0.10618675704430411"
"3445","91","-0.11360828610905394"
"3446","91","-0.150103609842013"
"3447","91","0.0058569671176550405"
"3448","91","0.09807188962729338"
"3449","91","-0.060229870594789"
"3450","91","0.034368583233100616"
"3451","91","0.09676784095366514"
"3452","91","-0.007811008699948407"
"3453","91","0.012786673461164999"
"3454","91","0.025581473702410228"
"3455","91","0.030303137440469915"
"3456","91","0.16536135796206997"
"3457","91","0.03099290174957838"
"3458","91","0.020524002911340107"
"3459","91","0.11720177266775364"
"3460","91","0.18296594734496213"
"3461","91","0.14503203341037985"
"3462","91","-0.0729239733036559"
"3463","91","-0.0255980066827402"
"3464","91","0.13342346284315032"
"3465","91","0.03259104425547486"
"3466","91","0.07207250935397012"
"3467","91","0.025568629746036648"
"3468","91","0.07893116007546223"
"3469","91","0.042522097015099805"
"3470","91","0.18739051781936983"
"3471","91","-0.09444287193915538"
"3472","91","0.07022279501970267"
"3473","91","-0.032120859578201565"
"3474","91","-0.1645651346823128"
"3475","91","-0.20104500193965308"
"3476","91","-0.1512373161581859"
"3477","91","-0.258797476248663"
"3478","91","0.04710666682691402"
"3479","91","-0.0654820069919086"
"3480","91","-0.11061492682479747"
"3481","91","-0.1348730620923545"
"3482","91","0.004290243869117321"
"3483","91","0.04155952944915297"
"3484","91","-0.08838261420214098"
"3485","91","0.07166692548134623"
"3486","91","-0.02119257052952855"
"3487","91","-0.03215667096845309"
"3488","91","0.038217488797224926"
"3489","91","0.11437368961358485"
"3490","91","0.14300552583751208"
"3491","91","0.0013062624516930752"
"3492","91","-0.13698081417574434"
"3493","91","-0.15938319144309188"
"3494","91","0.10668871870871058"
"3495","91","-0.1836808612534528"
"3496","91","-0.06559542196695181"
"3497","91","-0.018832137130133854"
"3498","91","0.13282551417500377"
"3499","91","0.08286569652973064"
"3500","91","0.03143521804686248"
"3501","91","-0.06497812604672171"
"3502","91","0.10941549389028085"
"3503","91","0.07159132436476857"
"3504","91","-0.11363884335664771"
"3505","91","-0.07331027688375095"
"3506","91","-0.18926342582527575"
"3507","91","0.018706014118106944"
"3508","91","0.012895771999947948"
"3509","91","0.143655540335959"
"3510","91","-0.05202251890449118"
"3511","91","-0.09792668142932007"
"3512","91","0.030227815871555992"
"3513","91","-0.15924307029887344"
"3514","91","-0.11382028825217214"
"3515","91","-0.09220394082918262"
"3516","91","0.01499321002333451"
"3517","91","-0.09796085530822905"
"3518","91","0.086974281904545"
"3519","91","-0.033998151430915786"
"3520","91","-0.04977971191693202"
"3521","91","-0.04611447526664469"
"3522","91","-0.047617388812941724"
"3523","91","-0.08757230469328227"
"3524","91","-0.0638828341136123"
"3525","91","-0.09309119494131031"
"3526","91","0.048541057467607354"
"3527","91","0.2288983696184188"
"3528","91","0.006789059235356683"
"3529","91","-0.04776728249842348"
"3530","91","-0.08448319585479333"
"3531","91","0.03942277034136177"
"3532","91","-0.12396530148605402"
"3533","91","0.11162664823557145"
"3534","91","-0.17124506805565878"
"3535","91","-0.02099826907591043"
"3536","91","-0.21686343236866845"
"3537","91","0.0738626515766953"
"3538","91","-0.21035845616102594"
"3539","91","0.05357151905489899"
"3540","91","-0.1599227318578344"
"3541","91","0.02891992249270269"
"3542","91","0.14478862349805005"
"3543","91","-0.1021653871396774"
"3544","91","-0.10214361493617831"
"3545","91","-0.1034524943012079"
"3546","91","-0.007385996291414631"
"3547","91","-0.24120666222472317"
"3548","91","0.1490438751036876"
"3549","91","0.003253261437872379"
"3550","91","-0.2258201098059874"
"3551","91","-0.10799159371721395"
"3552","91","0.03073816326389529"
"3553","91","-0.023819696628842157"
"3554","91","0.10511060671537506"
"3555","91","0.14622182934994676"
"3556","91","0.08478192750082593"
"3557","91","0.039751302684160696"
"3558","91","0.1722737583593581"
"3559","91","-0.028414875323583156"
"3560","91","0.04685662294939845"
"3561","91","-0.27829651050629833"
"3562","91","-0.17256449290197512"
"3563","91","-0.04053510340440987"
"3564","91","-0.007106439764538622"
"3565","91","0.06445964371006954"
"3566","91","-0.04185577000952748"
"3567","91","0.069191286363798"
"3568","91","0.07159877331573004"
"3569","91","0.19097908424842167"
"3570","91","-0.018271475945274278"
"3571","91","0.011438672826529482"
"3572","91","0.10625365140074816"
"3573","91","-0.0024413917725721033"
"3574","91","0.057806320838455966"
"3575","91","0.020242162490294827"
"3576","91","-0.029149235758503117"
"3577","91","0.026545869068224405"
"3578","91","0.03581408098496497"
"3579","91","0.039415385764167934"
"3580","91","0.09461915098877906"
"3581","91","-0.055049338206571125"
"3582","91","-0.16621061079722674"
"3583","91","0.3849723432484076"
"3584","91","0.19728549843118948"
"3585","91","0.0358349356873841"
"3586","91","0.04865808331226535"
"3587","91","-0.024385791296874793"
"3588","91","0.054903094752784036"
"3589","91","-0.0974804555701023"
"3590","91","-0.19315799954832083"
"3591","91","0.10566266194635292"
"3592","91","-0.18130335583959212"
"3593","91","-0.11160897077481476"
"3594","91","-0.05287448199760876"
"3595","91","0.04091246262714021"
"3596","91","-0.22416381316261821"
"3597","91","-0.043499902722673504"
"3598","91","-0.03798616550384876"
"3599","91","0.06826491845497439"
"3600","91","-0.0807451632770175"
"3601","91","0.019182738601232457"
"3602","91","-0.006771462587618237"
"3603","91","-0.16489365469998352"
"3604","91","0.013504623799522032"
"3605","91","0.0861770095909479"
"3606","91","0.060477098402806344"
"3607","91","0.07830732729134207"
"3608","91","0.10409889946345245"
"3609","91","-0.31162581211024826"
"3610","91","0.005897350364917111"
"3611","91","0.034132338183441295"
"3612","91","0.12944127501170363"
"3613","91","-0.08190436896102217"
"3614","91","0.04448804327058321"
"3615","91","0.09278799965151481"
"3616","91","0.07750687530183933"
"3617","91","0.0642824908068416"
"3618","91","-0.10884855224959222"
"3619","91","-0.098371183187087"
"3620","91","-0.08238354675410947"
"3621","91","0.0019215629277631366"
"3622","91","-0.004178982361756567"
"3623","91","-0.0195908566827909"
"3624","91","0.004025921571731431"
"3625","91","0.05657616830855386"
"3626","91","-0.24640230960554635"
"3627","91","0.09914839789078495"
"3628","91","-0.06603327224724985"
"3629","91","-0.023832670386170443"
"3630","91","-0.2602321585060808"
"3631","91","0.018963699883458626"
"3632","91","-0.07780960134455907"
"3633","91","-0.37624258355601037"
"3634","91","0.06929676806981938"
"3635","91","0.09350418962555143"
"3636","91","0.06965228799773529"
"3637","91","0.011749430976196028"
"3638","91","0.25596785547947226"
"3639","91","0.03389824361798991"
"3640","91","0.025667117380821603"
"3641","91","0.13111245681593087"
"3642","91","0.08027988907093388"
"3643","91","0.008967084912995171"
"3644","91","0.08056356012944696"
"3645","91","0.2124416122853273"
"3646","91","0.06433889567261339"
"3647","91","-0.21554455366268468"
"3648","91","0.0804844634655898"
"3649","91","-0.026219051424365515"
"3650","91","0.004530439190087732"
"3651","91","0.11233169260745349"
"3652","91","0.004120227898795038"
"3653","91","0.11633504744587118"
"3654","91","-0.09540864057030575"
"3655","91","-0.040974071802753725"
"3656","91","0.10254613440196111"
"3657","91","-0.20683029183839194"
"3658","91","-0.20857452104871346"
"3659","91","0.030751290004459572"
"3660","91","0.02785840832615183"
"3661","91","-0.035818966464093695"
"3662","91","0.048309230462965175"
"3663","91","0.06424313356923872"
"3664","91","-0.008917173686859065"
"3665","91","0.12370188252195216"
"3666","91","0.09298139498868101"
"3667","91","-0.017601572436246552"
"3668","91","0.05893699645185994"
"3669","91","-0.025001933950168108"
"3670","91","0.15973165077199905"
"3671","91","0.10582556093759533"
"3672","91","-0.08658109194283312"
"3673","91","-0.2846474999724149"
"3674","91","0.11070136684028815"
"3675","91","0.040467641769914096"
"3676","91","0.10862406375570295"
"3677","91","-0.027238411692728174"
"3678","91","-0.15245584586806912"
"3679","91","0.07117617372114411"
"3680","91","0.07986676157007662"
"3681","91","0.009948473468203822"
"3682","91","-0.07741253326268135"
"3683","91","0.10945486880403378"
"3684","91","-0.09055301212123787"
"3685","91","0.02752528433641481"
"3686","91","0.03585521091792058"
"3687","91","-0.11801851611578015"
"3688","91","-0.11304673140332998"
"3689","91","0.09214483240696182"
"3690","91","-0.05188164716344921"
"3691","91","0.12744373030913253"
"3692","91","-0.016246767895383454"
"3693","91","-0.2223489030527865"
"3694","91","-0.12022015888568703"
"3695","91","0.02440046744448204"
"3696","91","-0.25311101599096814"
"3697","91","0.05902824223988937"
"3698","91","0.14187096885171246"
"3699","91","-0.05898629948663834"
"3700","91","0.01042276100551923"
"3701","91","-0.12197387664776448"
"3702","91","-0.007002613853236398"
"3703","91","0.1128592688524353"
"3704","91","0.05305757082692125"
"3705","91","-0.0102844374542419"
"3706","91","0.10215773512970054"
"3707","91","-0.006899804218703528"
"3708","91","-0.15692982703669164"
"3709","91","0.0261946808471486"
"3710","91","-0.06804044007160827"
"3711","91","0.05320671807536006"
"3712","91","-0.12783672183431471"
"3713","91","0.1556339937287476"
"3714","91","0.14849067032273072"
"3715","91","-0.022405579188193074"
"3716","91","-0.19377561486240613"
"3717","91","0.06622822208632771"
"3718","91","0.05815624754836938"
"3719","91","0.010976276570755554"
"3720","91","-0.013086006553621944"
"3721","91","-0.018146428985902314"
"3722","91","0.13086710392079282"
"3723","91","-0.05073325435578639"
"3724","91","-0.07777574960474881"
"3725","91","0.10171927658002522"
"3726","91","-0.08247624402514929"
"3727","91","-0.13434788335724113"
"3728","91","-0.03740352508674396"
"3729","91","-0.05906064818317007"
"3730","91","-0.17730483498474137"
"3731","91","0.07467689515515555"
"3732","91","0.009456849202278383"
"3733","91","0.07224414135276397"
"3734","91","0.10919098071338106"
"3735","91","0.07301785658976571"
"3736","91","0.0635737320818493"
"3737","91","0.10731913663019994"
"3738","91","-0.21279015701074255"
"3739","91","0.009683975201944783"
"3740","91","0.03130937639138961"
"3741","91","0.003275637488660852"
"3742","91","-0.04869265363022827"
"3743","91","-0.08500921629769484"
"3744","91","0.10489836107776643"
"3745","91","-0.015194180004541272"
"3746","91","-0.061391524339633234"
"3747","91","0.04342305084439339"
"3748","91","0.021542333807718476"
"3749","91","0.0874065557815334"
"3750","91","0.08564413062576891"
"3751","91","-0.07267359452777734"
"3752","91","-0.10721188395096908"
"3753","91","0.03272507346203661"
"3754","91","0.08961839634945522"
"3755","91","0.04354995695502091"
"3756","91","-0.021621452796658704"
"3757","91","-0.01090399188880551"
"3758","91","-0.12247793619580263"
"3759","91","0.06334196478251507"
"3760","91","-0.0018534909268368507"
"3761","91","-0.01572518481539964"
"3762","91","-0.03285514468441785"
"3763","91","0.00988753394731459"
"3764","91","0.04796631487628744"
"3765","91","0.06441367247187754"
"3766","91","-0.1864999661076388"
"3767","91","0.1510494111885278"
"3768","91","0.09029912167977708"
"3769","91","-0.0023632283820987903"
"3770","91","-0.020286242463558795"
"3771","91","0.1717431603025033"
"3772","91","-0.10430821193868156"
"3773","91","-0.12322476463333856"
"3774","91","0.029396113564798158"
"3775","91","-0.023730400189186627"
"3776","91","-0.0671823498839879"
"3777","91","0.008471084147907102"
"3778","91","0.07475801425125086"
"3779","91","-0.04021097948475563"
"3780","91","0.06753559180959091"
"3781","91","-0.03964541977305043"
"3782","91","0.11577857057160718"
"3783","91","0.047352228169353625"
"3784","91","0.06770607971301848"
"3785","91","-0.09063078961506686"
"3786","91","-0.16536566643978898"
"3787","91","-0.026292559355985297"
"3788","91","0.08042557659436855"
"3789","91","0.07733724404528626"
"3790","91","-0.1366464686048599"
"3791","91","-0.0761862810960061"
"3792","91","0.001989309807503442"
"3793","91","0.04241028029958912"
"3794","91","-0.11277872898820843"
"3795","91","-0.07378521298700133"
"3796","91","-0.04167831149174474"
"3797","91","0.13227859417771254"
"3798","91","0.021831359585317366"
"3799","91","0.029846032395606698"
"3800","91","0.1355864712251614"
"3801","91","-0.09473245639080444"
"3802","91","-0.12775797814961432"
"3803","91","-0.04816800682805864"
"3804","91","0.08914554101452933"
"3805","91","0.14065946384601968"
"3806","91","-0.042507674600973294"
"3807","91","0.06051258455765376"
"3808","91","0.09634400665553336"
"3809","91","0.06376435060071788"
"3810","91","-0.11175804264853635"
"3811","91","-0.007562261961967835"
"3812","91","0.10083683380640776"
"3813","91","-0.08007805345530711"
"3814","91","0.08002333968243726"
"3815","91","0.04430248253829514"
"3816","91","-0.09387633116484682"
"3817","91","0.24527633673104712"
"3818","91","0.0453787819153153"
"3819","91","-0.055520571377764304"
"3820","91","-0.07413920951776491"
"3821","91","-0.025017208538397045"
"3822","91","-0.07556179554959394"
"3823","91","0.03998481644488372"
"3824","91","-0.06583615803477733"
"3825","91","-0.21415699863691742"
"3826","91","0.09519455007131204"
"3827","91","0.07657499316885581"
"3828","91","0.10436037484059886"
"3829","91","-0.023806097051476165"
"3830","91","-0.12957141673043404"
"3831","91","-0.07984951480353311"
"3832","91","0.09912565927654082"
"3833","91","0.2559463053953942"
"3834","91","0.03668547119974597"
"3835","91","-0.15948901548703473"
"3836","91","0.015582687117835146"
"3837","91","-0.07811370351218289"
"3838","91","0.03599437850867624"
"3839","91","0.05280810424824441"
"3840","91","0.019345367142073574"
"3841","91","-0.20048998411697613"
"3842","91","0.05015096231613582"
"3843","91","-0.236556305932629"
"3844","91","0.0696218247896686"
"3845","91","-0.15619308745667654"
"3846","91","0.004636901694161335"
"3847","91","0.06909059857215699"
"3848","91","0.08654182844640079"
"3849","91","-0.14569388150603627"
"3850","91","-0.07295197754805442"
"3851","91","0.014511581927775399"
"3852","91","-0.04152994057024562"
"3853","91","0.14231611553974668"
"3854","91","0.11653379066938216"
"3855","91","0.08245724582020279"
"3856","91","-0.02711255513912474"
"3857","91","-0.09089268568473477"
"3858","91","-0.01712459973975541"
"3859","91","0.17565896018598248"
"3860","91","-0.15210600201875038"
"3861","91","0.11064643271264206"
"3862","91","-0.023565927359146144"
"3863","91","-0.06127842743274567"
"3864","91","0.027653878189224514"
"3865","91","-0.14526838573227188"
"3866","91","-0.02084044365892922"
"3867","91","0.051816612169915725"
"3868","91","0.031392469984821654"
"3869","91","-0.006781822876158133"
"3870","91","0.0004947028885786288"
"3871","91","0.019498808202815597"
"3872","91","0.04521792633347975"
"3873","91","-0.021804813723977964"
"3874","91","-0.07570274695630431"
"3875","91","0.1132218313621597"
"3876","91","0.1863415227245894"
"3877","91","0.005040902671742192"
"3878","91","0.031696001202953634"
"3879","91","0.06549871132717806"
"3880","91","-0.05367584999684577"
"3881","91","0.023386966675982487"
"3882","91","-0.02158497583023984"
"3883","91","0.09332592897262988"
"3884","91","0.07610732821719275"
"3885","91","0.03942502804397797"
"3886","91","0.030592505474029"
"3887","91","0.09021265203827364"
"3888","91","0.10109153186187905"
"3889","91","0.018070373804356797"
"3890","91","0.028665529266766358"
"3891","91","-0.09191982894067491"
"3892","91","-0.006709637844278497"
"3893","91","-0.18656617957405355"
"3894","91","-0.1108089058408857"
"3895","91","-0.027992773182309513"
"3896","91","0.07985237997462086"
"3897","91","0.118162049606736"
"3898","91","0.012145539315258828"
"3899","91","-0.073808670760983"
"3900","91","-0.047097025068398767"
"3901","91","-0.0791043144145972"
"3902","91","-0.03115845641140412"
"3903","91","-0.11852410745195456"
"3904","91","-0.11636820036919215"
"3905","91","-0.07827568329307981"
"3906","91","-0.016589968944352804"
"3907","91","0.09641886573662779"
"3908","91","-0.01972546935283209"
"3909","91","0.1428819770192297"
"3910","91","-0.3101333787378812"
"3911","91","-0.01791572852154225"
"3912","91","0.13954622558273405"
"3913","91","-0.0426539864995292"
"3914","91","0.17796114169036933"
"3915","91","0.08295179446626696"
"3916","91","-0.036105043167387586"
"3917","91","0.008596620461123129"
"3918","91","0.03585677603761816"
"3919","91","-0.15424707436524868"
"3920","91","-0.14301445390028494"
"3921","91","0.02458788014729984"
"3922","91","0.07682265740130946"
"3923","91","0.05647367424633433"
"3924","91","0.03160211143194452"
"3925","91","0.012133806472188787"
"3926","91","-0.09017352941465152"
"3927","91","0.1448882701358521"
"3928","91","0.08882605781516047"
"3929","91","-0.02429363948265682"
"3930","91","0.060384044829016714"
"3931","91","-0.13181948955619605"
"3932","91","0.11266397766540077"
"3933","91","0.064424941458734"
"3934","91","0.031168275833147314"
"3935","91","0.05890389765239668"
"3936","91","0.018194480548246773"
"3937","91","0.008451624312106075"
"3938","91","-0.2351416380890085"
"3939","91","0.19439307995621574"
"3940","91","-0.0917206687142325"
"3941","91","0.023504891938632387"
"3942","91","0.04198681691112759"
"3943","91","-0.0902703010457533"
"3944","91","0.002589764427958331"
"3945","91","-0.017377535765992106"
"3946","91","-0.031037620806650387"
"3947","91","0.175628047376757"
"3948","91","-0.2737435377726859"
"3949","91","0.16771190575974626"
"3950","91","0.11963563247392778"
"3951","91","0.04788453405124945"
"3952","91","-0.052459278505785946"
"3953","91","-0.08786977790404217"
"3954","91","0.008770281659329518"
"3955","91","-0.21325589477437526"
"3956","91","-0.19671408361804"
"3957","91","0.0011983096056468767"
"3958","91","0.04388549987704704"
"3959","91","-0.1036011480843656"
"3960","91","0.026596090876790074"
"3961","91","-0.09719778901965458"
"3962","91","-0.012850147715954429"
"3963","91","0.009865317466776746"
"3964","91","-0.12268960739928265"
"3965","91","-0.2766923152257143"
"3966","91","0.18977234554891115"
"3967","91","0.03855384752546082"
"3968","91","-0.04719109443035443"
"3969","91","0.045610450471971146"
"3970","91","0.036380912341289554"
"3971","91","0.06048351630567753"
"3972","91","0.07759960605968184"
"3973","91","-0.06599368476132211"
"3974","91","0.10391449778027938"
"3975","91","-0.11622323586533018"
"3976","91","-0.015502221033386852"
"3977","91","-0.1312150913490282"
"3978","91","0.08322540932696425"
"3979","91","0.06965638608161884"
"3980","91","0.10817846808831288"
"3981","91","-0.12360400447257221"
"3982","91","-0.11188480118506709"
"3983","91","-0.08378877083457648"
"3984","91","0.14917827810942125"
"3985","91","-0.060160909164086826"
"3986","91","-0.11125975896297748"
"3987","91","-0.034509942362557965"
"3988","91","-0.0021076812797231692"
"3989","91","0.054417517900584335"
"3990","91","0.09174697740494935"
"3991","91","0.031505738991501706"
"3992","91","0.09371131945808567"
"3993","91","0.014798723658320903"
"3994","91","0.025155620633866317"
"3995","91","-0.05344980993438641"
"3996","91","-0.13143897687215333"
"3997","91","0.05079961105545902"
"3998","91","0.18172053418195921"
"3999","91","-0.1635317999722066"
"4000","91","0.013765759854838537"
"4001","91","0.14048363361958666"
"4002","91","0.07552589940866716"
"4003","91","0.04133455539061482"
"4004","91","-0.0054612883815143495"
"4005","91","0.04089552550664255"
"4006","91","-0.030929683021582294"
"4007","91","0.12140794029647005"
"4008","91","0.05733890324700611"
"4009","91","0.006832277662575122"
"4010","91","0.099254401248612"
"4011","91","0.24313716379356684"
"4012","91","-0.08572990169739184"
"4013","91","-0.078615780529435"
"4014","91","-0.058025056600050806"
"4015","91","-0.19944288751440292"
"4016","91","0.21041731828860358"
"4017","91","0.015729381862611826"
"4018","91","-0.07502973922212249"
"4019","91","-0.13555025966983825"
"4020","91","-0.15576193471969638"
"4021","91","-0.038797884109800826"
"4022","91","-0.1882705897281489"
"4023","91","-0.2321641430624337"
"4024","91","-0.12878241930860646"
"4025","91","0.036191468331185105"
"4026","91","0.0401799110961314"
"4027","91","-0.03617145380996332"
"4028","91","0.034739410057985774"
"4029","91","0.03362604366618351"
"4030","91","0.05284788052528007"
"4031","91","0.15126991345126017"
"4032","91","0.017132042837156993"
"4033","91","-0.07598755755946641"
"4034","91","-0.11828272657494893"
"4035","91","-0.0040749783013980245"
"4036","91","-0.10238518643151759"
"4037","91","0.08136436509156973"
"4038","91","-0.03201903007599764"
"4039","91","-0.043929275178548104"
"4040","91","-0.045982367507756264"
"4041","91","-0.06303338398055225"
"4042","91","-0.21846202407811555"
"4043","91","-0.06945298555822102"
"4044","91","0.02932647359860881"
"4045","91","0.07041042479020794"
"4046","91","0.034620402281014595"
"4047","91","0.17783080644408944"
"4048","91","-0.0981249561808217"
"4049","91","0.04443941853870117"
"4050","91","-0.05608457232651167"
"4051","91","0.021031251666420912"
"4052","91","-0.06778419460183152"
"4053","91","0.09762621539815905"
"4054","91","-0.21051922202172882"
"4055","91","0.06243739165212037"
"4056","91","-0.08900285950332587"
"4057","91","-0.11603629631854914"
"4058","91","-0.11214154129543251"
"4059","91","-0.07230466927949472"
"4060","91","0.059262907353550456"
"4061","91","0.005347617618975859"
"4062","91","-0.10350090483876648"
"4063","91","0.05733242375521576"
"4064","91","-0.0625596362580512"
"4065","91","-0.1257146184788302"
"4066","91","-0.15534623834410236"
"4067","91","0.012910849751461353"
"4068","91","-0.06680812530079037"
"4069","91","0.012453109257208815"
"4070","91","0.09891066769720797"
"4071","91","-0.022213814311403478"
"4072","91","-0.036826719214860734"
"4073","91","0.07870589432318621"
"4074","91","0.15546174398543003"
"4075","91","-0.023226176550436066"
"4076","91","-0.006317460873001671"
"4077","91","0.1025875831017014"
"4078","91","-0.046780628112365136"
"4079","91","-0.048218207225750286"
"4080","91","0.09133005245762307"
"4081","91","0.2042045177460321"
"4082","91","-0.10379556032258559"
"4083","91","0.19624600700200978"
"4084","91","0.06772350019394925"
"4085","91","-0.030890085064455192"
"4086","91","-0.039022274607970475"
"4087","91","0.019986044423259092"
"4088","91","0.07482127999672739"
"4089","91","-0.06459158451211604"
"4090","91","0.07555974581907297"
"4091","91","-0.06165693842060474"
"4092","91","0.09063498330248487"
"4093","91","0.022249607979513947"
"4094","91","0.035470889106530096"
"4095","91","-0.11101166450333484"
"4096","91","0.05123840443184844"
"4097","91","0.0381979603581828"
"4098","91","-0.06604621850703649"
"4099","91","-0.05940438022925151"
"4100","91","-0.06518257140330902"
"4101","91","0.11613516959127665"
"4102","91","-0.018250825117675097"
"4103","91","-0.016985010601438463"
"4104","91","0.07661593846643346"
"4105","91","-0.12715435594832752"
"4106","91","-0.012765101751108619"
"4107","91","-0.07561713595631181"
"4108","91","0.07525797315122382"
"4109","91","0.19974667003096172"
"4110","91","-0.07813901793086216"
"4111","91","-0.14196240239637595"
"4112","91","-0.09897207709372162"
"4113","91","0.06895879985076846"
"4114","91","-0.09423592327081066"
"4115","91","-0.056725394915308945"
"4116","91","-0.09784445101029307"
"4117","91","0.007057635064359187"
"4118","91","0.009764745790486778"
"4119","91","-0.06687490663215283"
"4120","91","-0.03567305762736036"
"4121","91","-0.026254152600168595"
"4122","91","0.0032304113461921096"
"4123","91","-0.059662655905049225"
"4124","91","0.10728185767826874"
"4125","91","-0.05114472851719769"
"4126","91","0.17494705028286053"
"4127","91","-0.146095546619054"
"4128","91","-0.03126858062734019"
"4129","91","-0.06881405028727045"
"4130","91","0.03316020742333602"
"4131","91","0.003533374255683282"
"4132","91","0.05567251018416304"
"4133","91","0.04790540818134116"
"4134","91","-0.10295767492235604"
"4135","91","-0.031214076462542813"
"4136","91","0.10503397954304891"
"4137","91","0.08192804153039193"
"4138","91","0.059745542769098596"
"4139","91","-0.029408171126172996"
"4140","91","0.010698707672398507"
"4141","91","0.03758691770913667"
"4142","91","-0.2502059427167202"
"4143","91","0.023249504670654998"
"4144","91","-0.12437220568164754"
"4145","91","-0.13706762960129226"
"4146","91","-0.1263074125212411"
"4147","91","0.0517019961689073"
"4148","91","-0.16308927834687312"
"4149","91","-0.0003331523791047818"
"4150","91","-0.11785072141850082"
"4151","91","-0.021209725006473678"
"4152","91","-0.22314214738782637"
"4153","91","-0.0839774496374498"
"4154","91","-0.11737934624039574"
"4155","91","-0.0840730219752329"
"4156","91","-0.20703402761396736"
"4157","91","-0.00823926130812741"
"4158","91","-0.0031119964365604034"
"4159","91","0.06761274198645849"
"4160","91","-0.012392013245157719"
"4161","91","-0.05383118865629353"
"4162","91","-0.10364738002666576"
"4163","91","0.05765158377664633"
"4164","91","0.06766946577818014"
"4165","91","0.19116746810232507"
"4166","91","-0.06342199687580292"
"4167","91","0.05181109791662913"
"4168","91","0.06295999316223012"
"4169","91","-0.04800749731430998"
"4170","91","0.1890525055219253"
"4171","91","-0.08808305599773046"
"4172","91","0.08827282827832557"
"4173","91","-0.25943108345699234"
"4174","91","0.17148807452586975"
"4175","91","-0.13386297647761786"
"4176","91","-0.045628671712409474"
"4177","91","-0.05900306519922712"
"4178","91","-0.016756043413996714"
"4179","91","0.007920145125952969"
"4180","91","-0.10611024298456771"
"4181","91","-0.16977324855991163"
"4182","91","0.023110844713896055"
"4183","91","-0.05943498434410998"
"4184","91","-0.07641858460307376"
"4185","91","0.005409168176111848"
"4186","91","0.023762786589325076"
"4187","91","0.09866631448718514"
"4188","91","-0.10553399398694979"
"4189","91","-0.004350599045827216"
"4190","91","-0.21414374439160225"
"4191","91","-0.004551249172166978"
"4192","91","-0.18421578471118938"
"4193","91","0.007076891720683493"
"4194","91","0.1872246405385901"
"4195","91","0.06827142988461415"
"4196","91","0.009502087443878118"
"4197","91","-0.0005965144928115339"
"4198","91","-0.10969878890739496"
"4199","91","-0.13474696506680692"
"4200","91","0.0010430595486928215"
"4201","91","-0.11290402177288653"
"4202","91","0.04641173317656645"
"4203","91","0.09206410480981096"
"4204","91","-0.21086392679438193"
"4205","91","0.11232318103913179"
"4206","91","-0.1456646021071492"
"4207","91","0.21232767330065652"
"4208","91","0.09005259940092006"
"4209","91","-0.1656458603241663"
"4210","91","-0.21896522985729763"
"4211","91","-0.06291173580215091"
"4212","91","-0.01602295042895734"
"4213","91","0.06197689766035643"
"4214","91","-0.09057550108076047"
"4215","91","-0.019399438097842652"
"4216","91","-0.0011010733727662674"
"4217","91","-0.03187126971862943"
"4218","91","0.04825886927188535"
"4219","91","0.06077393656414534"
"4220","91","0.014624800856312023"
"4221","91","-0.0803256579986524"
"4222","91","-0.10806637480001471"
"4223","91","0.17235255087296014"
"4224","91","0.03752987581609789"
"4225","91","0.06783548577306038"
"4226","91","0.08765254382264928"
"4227","91","-0.09394732751293917"
"4228","91","-0.05413118531739458"
"4229","91","0.0918979577991593"
"4230","91","-0.10929728344666836"
"4231","91","-0.06849075824044973"
"4232","91","0.012681451839640204"
"4233","91","-0.1692106461706005"
"4234","91","-0.0169963471806024"
"4235","91","-0.1300026901715395"
"4236","91","-0.27626637297420975"
"4237","91","-0.17405138838363676"
"4238","91","0.042731173429878956"
"4239","91","-0.31293438296179305"
"4240","91","-0.08454452964539644"
"4241","91","-0.01441675256155087"
"4242","91","-0.06110891373373824"
"4243","91","-0.0568111873867206"
"4244","91","-0.12541087011007807"
"4245","91","0.09155742667613007"
"4246","91","0.11107042711175545"
"4247","91","-0.11325482933874025"
"4248","91","-0.06965750682054334"
"4249","91","-0.05425192330222554"
"4250","91","-0.11939563198737807"
"4251","91","-0.04597272926058789"
"4252","91","-0.042662111978086614"
"4253","91","-0.04805854958635465"
"4254","91","-0.047702206694431336"
"4255","91","0.03458125513636774"
"4256","91","0.15751020001247748"
"4257","91","0.0967590610324211"
"4258","91","0.10350128417428843"
"4259","91","0.054446661839427"
"4260","91","-0.007546512316243302"
"4261","91","-0.035137668236968664"
"4262","91","0.007957417902123521"
"4263","91","0.1408008311227753"
"4264","91","-0.34579856552424176"
"4265","91","-0.04883275226754933"
"4266","91","0.049464028394809144"
"4267","91","0.14187384342588186"
"4268","91","-0.021890860868976476"
"4269","91","0.06296568207641942"
"4270","91","-0.31732206986368766"
"4271","91","0.030494994132603242"
"4272","91","-0.037326691047247326"
"4273","91","-0.07579331756203495"
"4274","91","-0.12860407565408769"
"4275","91","0.03204278921808941"
"4276","91","0.10182875606977572"
"4277","91","0.007185096629588497"
"4278","91","0.15218928037616164"
"4279","91","-0.13687433220731288"
"4280","91","-0.19244431964842673"
"4281","91","-0.07857081051255088"
"4282","91","-0.1519146760735705"
"4283","91","-0.25483996609738346"
"4284","91","-0.25987789258573235"
"4285","91","-0.021526721237494845"
"4286","91","-0.043994131949457144"
"4287","91","-0.004643755733918118"
"4288","91","0.04320839176992051"
"4289","91","0.051876346637573616"
"4290","91","0.2105874407906333"
"4291","91","-0.13228802729510344"
"4292","91","0.017364137686383674"
"4293","91","-0.03883058809527224"
"4294","91","0.07091614169897605"
"4295","91","-0.09532225747952647"
"4296","91","-0.09655347040794318"
"4297","91","0.06466526907626856"
"4298","91","-0.18758156669251794"
"4299","91","-0.10657776711996372"
"4300","91","0.20192564138191718"
"4301","91","-0.14772222268001278"
"4302","91","0.016619607991233947"
"4303","91","-0.11485705495400089"
"4304","91","-0.13468362209105222"
"4305","91","0.026648411544621907"
"4306","91","0.00830322793692675"
"4307","91","-0.04420704152757226"
"4308","91","-0.15174893475388243"
"4309","91","0.07429628745376117"
"4310","91","-0.03392049648298599"
"4311","91","-0.03398729581003708"
"4312","91","-0.15696861410914942"
"4313","91","-0.1343695627616251"
"4314","91","-0.15960263348092837"
"4315","91","0.07108561115892195"
"4316","91","-0.04658969815105164"
"4317","91","0.06186557173237968"
"4318","91","-0.025365524573347304"
"4319","91","0.10375442087298119"
"4320","91","-0.053430308824914154"
"4321","91","-0.0734094533463189"
"4322","91","-0.14782127605532855"
"4323","91","0.08344398306111042"
"4324","91","0.04861258154884623"
"4325","91","0.06677086269549062"
"4326","91","-0.07680424760173864"
"4327","91","0.13651285225586046"
"4328","91","0.04927774045107447"
"4329","91","0.04044026482428372"
"4330","91","-0.007796545157458338"
"4331","91","0.1467360572626234"
"4332","91","0.1295407187745015"
"4333","91","0.00022202778516694429"
"4334","91","-0.1506555373678367"
"4335","91","-0.1522901760405616"
"4336","91","-0.06341765576675484"
"4337","91","-0.03578432856977472"
"4338","91","-0.008523964839209103"
"4339","91","0.08515660413852451"
"4340","91","0.07725225041348088"
"4341","91","-0.2355538772984707"
"4342","91","0.09700348714087983"
"4343","91","0.017256349177255277"
"4344","91","-0.0690509575931735"
"4345","91","-0.021937944735711385"
"4346","91","-0.1879313699464374"
"4347","91","0.15678015951420243"
"4348","91","-0.013584579857439612"
"4349","91","0.021726073120650523"
"4350","91","0.09423330684806733"
"4351","91","0.06344256841360697"
"4352","91","-0.21382455686679877"
"4353","91","-0.04155911820717745"
"4354","91","0.004901050952443581"
"4355","91","-0.12272361098010057"
"4356","91","-0.030679890575761124"
"4357","91","0.036389061710354435"
"4358","91","0.13356466876711187"
"4359","91","-0.003829461042593494"
"4360","91","0.12208592276695181"
"4361","91","-0.1566967868631995"
"4362","91","-0.056203364097485206"
"4363","91","0.067648573677153"
"4364","91","0.03495539025589012"
"4365","91","-0.05068846460917473"
"4366","91","-0.06061051588545702"
"4367","91","-0.05225150246079407"
"4368","91","0.04769645885976377"
"4369","91","-0.11759795673468586"
"4370","91","0.0007936215128595381"
"4371","91","0.0807767753029717"
"4372","91","-0.055181720136119695"
"4373","91","-0.2262227141328201"
"4374","91","-0.1935787499007392"
"4375","91","-0.057449341876149036"
"4376","91","-0.08943785105132192"
"4377","91","0.08838440678151907"
"4378","91","0.04629454268112654"
"4379","91","0.013080758382525847"
"4380","91","-0.05922654640726895"
"4381","91","0.04525678002396076"
"4382","91","0.06699471731378814"
"4383","91","-0.015485173453287425"
"4384","91","-0.2512719440409986"
"4385","91","-0.09814757892741262"
"4386","91","0.11413108830931518"
"4387","91","0.010081027651384338"
"4388","91","-0.2167262792694239"
"4389","91","-0.03444102465045294"
"4390","91","0.11711198985173586"
"4391","91","-0.000876155675544434"
"4392","91","-0.1429812654500547"
"4393","91","0.015467839497416752"
"4394","91","0.1085961047591436"
"4395","91","-0.06629109507091877"
"4396","91","0.10683542852716757"
"4397","91","-0.01626561383600268"
"4398","91","0.04965960175182004"
"4399","91","0.04482360465546832"
"4400","91","-0.1464111164638268"
"4401","91","-0.1560781216440858"
"4402","91","-0.04395237067967885"
"4403","91","0.06454285787195452"
"4404","91","0.035564123058992245"
"4405","91","0.09337330156830738"
"4406","91","-0.11802388057462779"
"4407","91","-0.014456226557576947"
"4408","91","0.05781776076326144"
"4409","91","0.07754120453434557"
"4410","91","-0.06060721308389907"
"4411","91","-0.019198707637754213"
"4412","91","-0.058270933838555986"
"4413","91","0.16082005699475937"
"4414","91","-0.11177739004091845"
"4415","91","0.07777288200874498"
"4416","91","0.11376780250737395"
"4417","91","0.13530554155708005"
"4418","91","-0.10088572213064274"
"4419","91","0.1602504478606504"
"4420","91","0.08085833644998486"
"4421","91","-0.08558051873992223"
"4422","91","-0.006812237033115502"
"4423","91","-0.015843852913399733"
"4424","91","0.05398029649720123"
"4425","91","-0.051878074040591644"
"4426","91","-0.07711340904628977"
"4427","91","-0.03494392365309354"
"4428","91","-0.02772509781318102"
"4429","91","0.04635066332522701"
"4430","91","-0.22412472062073702"
"4431","91","0.021470978381594272"
"4432","91","-0.06392316568099372"
"4433","91","-0.13914771661224765"
"4434","91","0.09994668569310547"
"4435","91","-0.005729243682367058"
"4436","91","-0.036793547332848064"
"4437","91","0.13938657261680254"
"4438","91","-0.06369833451779498"
"4439","91","0.05898398305455334"
"4440","91","0.022632132219668893"
"4441","91","0.004860683271700816"
"4442","91","0.0162061813766651"
"4443","91","-0.045183101317461054"
"4444","91","0.07322481973851393"
"4445","91","-0.07557214327724214"
"4446","91","0.03434235578132553"
"4447","91","0.03309882367111155"
"4448","91","-0.005270830541131369"
"4449","91","0.04120853020298127"
"4450","91","-0.15814761788228704"
"4451","91","0.00654439332476749"
"4452","91","0.14872197949613525"
"4453","91","-0.12187970481000032"
"4454","91","-0.10066118683139395"
"4455","91","-0.001551133867618206"
"4456","91","-0.1723746575413937"
"4457","91","-0.18392350164397614"
"4458","91","0.02809347076127071"
"4459","91","-0.15049260172376272"
"4460","91","0.18455924005322213"
"4461","91","-0.0500433828050114"
"4462","91","-0.12324366956336562"
"4463","91","0.11147949792687652"
"4464","91","-0.10200402959656014"
"4465","91","0.13189951928848107"
"4466","91","0.09641759779982267"
"4467","91","-0.01211212082747213"
"4468","91","-0.08909260124426713"
"4469","91","0.22710856307945476"
"4470","91","-0.007336245614968657"
"4471","91","-0.04302727807740435"
"4472","91","-0.037511677826520214"
"4473","91","0.13665275664779292"
"4474","91","-0.067385084021834"
"4475","91","0.10286479684596986"
"4476","91","0.09704935787595627"
"4477","91","-0.004722256104147955"
"4478","91","-0.011992264252058576"
"4479","91","-0.07238320327103333"
"4480","91","0.08731895089275324"
"4481","91","0.19616855215127796"
"4482","91","0.11163534454042452"
"4483","91","-0.04654197460269241"
"4484","91","0.10369109952835578"
"4485","91","-0.12847492642615996"
"4486","91","-0.16765529021922201"
"4487","91","0.11476323352881801"
"4488","91","0.18043718196620231"
"4489","91","0.09877870533258633"
"4490","91","0.012833477700960655"
"4491","91","0.13132205507913045"
"4492","91","0.04600407859277163"
"4493","91","0.048402696043383785"
"4494","91","0.07549488563788653"
"4495","91","-0.05458203267140765"
"4496","91","-0.1153115526577773"
"4497","91","0.12055550251561802"
"4498","91","0.055709196099454114"
"4499","91","-0.026776481021985883"
"4500","91","-0.22320798416340074"
"4501","91","0.08013365893763372"
"4502","91","-0.11745274301139255"
"4503","91","0.04753148900410187"
"4504","91","-0.1253132244552776"
"4505","91","-0.05568122290058936"
"4506","91","0.061889100654061203"
"4507","91","0.21321407514463173"
"4508","91","-0.0908015120319184"
"4509","91","0.1167868855032002"
"4510","91","0.08864017778014724"
"4511","91","-0.06295677272234257"
"4512","91","-0.08245341596569378"
"4513","91","0.041940982551194377"
"4514","91","-0.03414868052168629"
"4515","91","-0.04523264691185283"
"4516","91","0.19776810774258347"
"4517","91","-0.06580619024257292"
"4518","91","0.03680891232885872"
"4519","91","0.08281865332523856"
"4520","91","0.022005874785085033"
"4521","91","-0.0016171908366718057"
"4522","91","0.12209118312287652"
"4523","91","-0.057065303435190604"
"4524","91","-0.228928264571978"
"4525","91","-0.08686167695036298"
"4526","91","-0.007253523030043248"
"4527","91","-0.039124899183758666"
"4528","91","-0.04915194727535129"
"4529","91","0.07942794533825916"
"4530","91","-0.15135492660849068"
"4531","91","0.03109751853920686"
"4532","91","0.05534952873146589"
"4533","91","-0.015886456220910575"
"4534","91","0.09847309397023764"
"4535","91","-0.15178624766518278"
"4536","91","-0.040962602222043225"
"4537","91","-0.047367909993619665"
"4538","91","-0.03149919004144669"
"4539","91","-0.18591350629095565"
"4540","91","0.10826962856969578"
"4541","91","0.14236719564700046"
"4542","91","-0.07969794034068914"
"4543","91","0.1453907745735533"
"4544","91","0.08248949689931948"
"4545","91","0.02595636990657805"
"4546","91","0.11073326682024186"
"4547","91","0.03186096730213765"
"4548","91","0.01404395827855445"
"4549","91","0.03060691677976681"
"4550","91","-0.05456453252812864"
"4551","91","-0.1582752010941933"
"4552","91","-0.036921838751609336"
"4553","91","-0.06067904278367959"
"4554","91","0.05789683988011646"
"4555","91","-0.007865445799721238"
"4556","91","0.06671888368818647"
"4557","91","0.15878848504892845"
"4558","91","-0.19678722466543389"
"4559","91","-0.012744517874492496"
"4560","91","0.003534838804980616"
"4561","91","0.03558447016068341"
"4562","91","0.2525909173765795"
"4563","91","-0.05517793111003444"
"4564","91","-0.08000492828937251"
"4565","91","-0.14419361365273262"
"4566","91","-0.16617348028117285"
"4567","91","0.1175505464467536"
"4568","91","0.1117848037154758"
"4569","91","-0.003585698175356387"
"4570","91","-0.12523680194032263"
"4571","91","-0.010484687502791447"
"4572","91","-0.35137097833882486"
"4573","91","0.14584233445892555"
"4574","91","-0.26541397275452877"
"4575","91","0.16055844810995815"
"4576","91","-0.04966290178088489"
"4577","91","0.03398242248850803"
"4578","91","0.0001741742158696938"
"4579","91","0.1325470370930723"
"4580","91","0.01735982201831346"
"4581","91","-0.12394899432586329"
"4582","91","-0.014134559639090955"
"4583","91","-0.11238146764916757"
"4584","91","-0.2454030687752716"
"4585","91","0.19255466659606787"
"4586","91","0.01877800568727847"
"4587","91","-0.12563644806528226"
"4588","91","0.054405945799151985"
"4589","91","-0.020654145456479246"
"4590","91","0.0043757187468268675"
"4591","91","-0.003224507940129637"
"4592","91","-0.024190033911118073"
"4593","91","0.1796906436928982"
"4594","91","-0.1274641684914303"
"4595","91","-0.08490552536706644"
"4596","91","0.07385091351134046"
"4597","91","0.029330028645568027"
"4598","91","0.031027013566204246"
"4599","91","-0.13851257316663915"
"4600","91","-0.06402853740722286"
"4601","91","-0.14638923734462198"
"4602","91","-0.07067526099310344"
"4603","91","-0.06321596984572324"
"4604","91","-0.1528746709191262"
"4605","91","-0.04176812738066115"
"4606","91","0.05827914068453737"
"4607","91","0.03180827161839902"
"4608","91","-0.2606546934668069"
"4609","91","-0.18777241779430678"
"4610","91","0.047244621304837704"
"4611","91","-0.11627197804904033"
"4612","91","0.2029463019168371"
"4613","91","-0.025922783032144472"
"4614","91","-0.05735449001171896"
"4615","91","0.09633105367583199"
"4616","91","-0.13265051336869618"
"4617","91","0.20791723230422118"
"4618","91","-0.0845374324539458"
"4619","91","-0.15643228909706927"
"4620","91","-0.022759278309581524"
"4621","91","-0.18484786527388145"
"4622","91","-0.10241687216728221"
"4623","91","0.007445341243898157"
"4624","91","0.0457201257740077"
"4625","91","-0.0786486238288054"
"4626","91","0.015250450846399605"
"4627","91","0.0146255057624984"
"4628","91","-0.033726597355894165"
"4629","91","-0.06677132503577649"
"4630","91","-0.04500048762955557"
"4631","91","-0.09762345166235624"
"4632","91","0.08197014488141385"
"4633","91","-0.034399939875300295"
"4634","91","-0.054980292392590016"
"4635","91","0.05221470167614047"
"4636","91","0.03762688318968077"
"4637","91","0.1861935465453089"
"4638","91","-0.20256249971536705"
"4639","91","0.05580425900802369"
"4640","91","0.03617791780576549"
"4641","91","-0.0486135194441753"
"4642","91","-0.20045806846821562"
"4643","91","-0.2661313907164863"
"4644","91","0.04767617855838003"
"4645","91","-0.07288535420672002"
"4646","91","0.17445756049231262"
"4647","91","-0.2360187763344244"
"4648","91","-0.027660810082141385"
"4649","91","0.0150092457023096"
"4650","91","0.010354998244991708"
"4651","91","0.03575385325706626"
"4652","91","0.055495188290752104"
"4653","91","-0.06273755472300557"
"4654","91","-0.05166125942063359"
"4655","91","-0.14513067328265095"
"4656","91","-0.07634192360935145"
"4657","91","0.13914706305586694"
"4658","91","-0.015046986882372864"
"4659","91","-0.03022247250230479"
"4660","91","-0.053469587322515166"
"4661","91","-0.05337945091070901"
"4662","91","-0.07055782031459938"
"4663","91","-0.021902301621279516"
"4664","91","-0.20029891547153628"
"4665","91","0.06192479664437811"
"4666","91","-0.05805626806100847"
"4667","91","0.036992045341457516"
"4668","91","-0.02286528708707579"
"4669","91","0.11671399725029603"
"4670","91","0.1109659665511585"
"4671","91","0.07258311917992567"
"4672","91","0.04609302518997583"
"4673","91","-0.08418764600149359"
"4674","91","-0.005791497770597231"
"4675","91","-0.19559277878351447"
"4676","91","-0.024563662441337196"
"4677","91","0.07417871512599858"
"4678","91","-0.16206441209323685"
"4679","91","0.14060567210558714"
"4680","91","0.023466778924537978"
"4681","91","-0.05204365848490058"
"4682","91","0.024712819356954883"
"4683","91","-0.04635113345342166"
"4684","91","0.050500912922192956"
"4685","91","0.049731498502994236"
"4686","91","0.13444599426439297"
"4687","91","-0.11245390214374967"
"4688","91","-0.04487472218955941"
"4689","91","0.10137702801546192"
"4690","91","0.08524668160849636"
"4691","91","-0.0483382708034468"
"4692","91","0.19120875889362046"
"4693","91","0.008621581463197935"
"4694","91","-0.05121857431667085"
"4695","91","0.11893970598322941"
"4696","91","-0.18353899839014604"
"4697","91","0.021593241888858968"
"4698","91","-0.062246827092598836"
"4699","91","0.018382170521618897"
"4700","91","-0.2518167829005901"
"4701","91","0.0028719063353639675"
"4702","91","-0.22894076884486697"
"4703","91","0.012256182414641869"
"4704","91","-0.07014250306144795"
"4705","91","0.04128436072401594"
"4706","91","-0.010830059225862445"
"4707","91","0.08992284017583624"
"4708","91","-0.15304421537486634"
"4709","91","0.11584515255439391"
"4710","91","0.030388177020621004"
"4711","91","-0.049477389811738534"
"4712","91","0.0046882904578621825"
"4713","91","0.07253220982628751"
"4714","91","0.06950518103706592"
"4715","91","-0.18268784707461302"
"4716","91","-0.165279858371259"
"4717","91","-0.10367996820434708"
"4718","91","-0.10510865320072885"
"4719","91","0.007779176795690013"
"4720","91","0.036916181475899444"
"4721","91","0.08841357339379873"
"4722","91","-0.21813365820602942"
"4723","91","-0.015375794172933947"
"4724","91","-0.08058725387835755"
"4725","91","-0.06171342600448379"
"4726","91","-0.02708047887688902"
"4727","91","0.15787980325679757"
"4728","91","-0.0736404356558222"
"4729","91","0.014331261623588432"
"4730","91","0.0815619021458609"
"4731","91","0.043234853791042804"
"4732","91","-0.037031418377250776"
"4733","91","-0.14136537724425255"
"4734","91","-0.1360028964761867"
"4735","91","-0.009009592202693383"
"4736","91","-0.011488664860348259"
"4737","91","0.17620694017989375"
"4738","91","0.12475111560308061"
"4739","91","0.03764336720061085"
"4740","91","0.15640387224753366"
"4741","91","0.05103831249784417"
"4742","91","0.019939475520577756"
"4743","91","-0.1573372482912268"
"4744","91","0.04292831460402508"
"4745","91","0.0086620071378615"
"4746","91","0.020022120651689266"
"4747","91","0.030442723634892466"
"4748","91","-0.02702294495305852"
"4749","91","0.006814096855537233"
"4750","91","0.0025638809336894705"
"4751","91","-0.12839906571092013"
"4752","91","-0.1174680826129331"
"4753","91","0.1184563916947633"
"4754","91","-0.2104525920862187"
"4755","91","-0.16561027675716652"
"4756","91","-0.11687367483720205"
"4757","91","-0.012679792448948797"
"4758","91","0.139091585990609"
"4759","91","-0.1673816349507276"
"4760","91","-0.0510261068075627"
"4761","91","-0.021582708672964322"
"4762","91","0.036336378921052535"
"4763","91","-0.04124652059803868"
"4764","91","0.07045852862496885"
"4765","91","-0.002109363535267591"
"4766","91","0.08928089059210126"
"4767","91","-0.11474544716940864"
"4768","91","-0.18093394541205102"
"4769","91","0.05096591978917258"
"4770","91","-0.1792049204413704"
"4771","91","0.1325313353647642"
"4772","91","-0.3554747879267393"
"4773","91","-0.02917400019049175"
"4774","91","0.030006615274317718"
"4775","91","0.005779852706159042"
"4776","91","0.14749947532903657"
"4777","91","0.033285134417268034"
"4778","91","0.186278650359733"
"4779","91","0.020093803191395098"
"4780","91","0.10497192008469977"
"4781","91","-0.08914048794374639"
"4782","91","0.17665968895592957"
"4783","91","-0.1795614275972367"
"4784","91","0.047695830807514945"
"4785","91","-0.1178044610590054"
"4786","91","0.1516093339968131"
"4787","91","0.08232461969825261"
"4788","91","0.0453024782249308"
"4789","91","-0.10137268394785001"
"4790","91","0.08185894171225454"
"4791","91","-0.12386526576851971"
"4792","91","-0.06200004331089359"
"4793","91","-0.0015150793638684453"
"4794","91","-0.039515737824510545"
"4795","91","0.21771270578567797"
"4796","91","-0.10198386539818308"
"4797","91","-0.20388249565300864"
"4798","91","0.008492463949302838"
"4799","91","-0.16909683039330525"
"4800","91","-0.15093847179417402"
"4801","91","-0.0642670105120047"
"4802","91","0.130160619104025"
"4803","91","0.027713228681619052"
"4804","91","-0.017478473411394146"
"4805","91","0.10075348195210788"
"4806","91","0.06377974309570325"
"4807","91","-0.03436786849378239"
"4808","91","-0.08204447156222344"
"4809","91","-0.12248167936620423"
"4810","91","-0.1340913508965023"
"4811","91","0.05088767637855835"
"4812","91","-0.02766423067195312"
"4813","91","-0.03453965262845908"
"4814","91","-0.03489780083029343"
"4815","91","-0.02981834747054969"
"4816","91","-0.0416273263577625"
"4817","91","0.04231565049454739"
"4818","91","-0.036857225958574005"
"4819","91","-0.036849649412288764"
"4820","91","-0.08828280521544311"
"4821","91","0.07048034834993204"
"4822","91","0.007988509927575847"
"4823","91","0.01619386989541424"
"4824","91","0.09320620029648918"
"4825","91","-0.0028522389919149243"
"4826","91","0.11161802612767752"
"4827","91","-0.24683021844759123"
"4828","91","0.055645255332062805"
"4829","91","-0.12218415963733076"
"4830","91","0.061461678710889714"
"4831","91","-0.13686149425917107"
"4832","91","0.04369419819083631"
"4833","91","-0.005773197251641171"
"4834","91","0.022798800180547366"
"4835","91","-0.11158051138354948"
"4836","91","-0.06601011320174281"
"4837","91","0.07522176456117365"
"4838","91","-0.01707391147369026"
"4839","91","-0.1730363100003138"
"4840","91","0.034774444961704766"
"4841","91","0.005866864456649977"
"4842","91","-0.08000262524549645"
"4843","91","-0.007747035637411745"
"4844","91","-0.09900530454005135"
"4845","91","-0.23303255414889776"
"4846","91","0.03995607151638733"
"4847","91","0.2345208064237927"
"4848","91","-0.09580014891007867"
"4849","91","0.0867063472256249"
"4850","91","-0.13974409044918107"
"4851","91","-0.07810959170322435"
"4852","91","0.008622295062675187"
"4853","91","-0.11363915511577995"
"4854","91","-0.03922010554832574"
"4855","91","0.07570678466788036"
"4856","91","0.08969478471869545"
"4857","91","0.15002252548503212"
"4858","91","0.027271514690826528"
"4859","91","0.047080024914395315"
"4860","91","0.014230246140420996"
"4861","91","-0.048676942168324175"
"4862","91","-0.018003267227032695"
"4863","91","0.037857143372747384"
"4864","91","0.10327169440060706"
"4865","91","-0.08155584353942774"
"4866","91","0.10012415181518594"
"4867","91","-0.04436363727607429"
"4868","91","-0.06496588332442638"
"4869","91","-0.0489443795301728"
"4870","91","0.02740201344891185"
"4871","91","0.00867811756075782"
"4872","91","-0.09010767688420353"
"4873","91","-0.035593504987247115"
"4874","91","-0.0350602398643056"
"4875","91","-0.009329574738580546"
"4876","91","0.0013777091209375273"
"4877","91","-0.12036598143622237"
"4878","91","0.17787077328229683"
"4879","91","-0.07971921937558793"
"4880","91","0.004586293463538256"
"4881","91","-0.07035043511297487"
"4882","91","-0.06543193558410487"
"4883","91","0.011901262039257994"
"4884","91","-0.07013973754588525"
"4885","91","0.09117849211573008"
"4886","91","-0.050293807845754795"
"4887","91","0.03652155181576997"
"4888","91","0.07390050378412953"
"4889","91","-0.16314899384525258"
"4890","91","0.08103763577207747"
"4891","91","-0.06028082952172249"
"4892","91","-0.05407498735603293"
"4893","91","-0.12815127898281348"
"4894","91","-0.11395529903822571"
"4895","91","-0.09424961198573183"
"4896","91","0.055065951531566126"
"4897","91","0.04424975753570274"
"4898","91","0.09335744517590992"
"4899","91","0.1286530865932593"
"4900","91","-0.06332946037754256"
"4901","91","-0.1412044099789451"
"4902","91","-0.031145203743537478"
"4903","91","-0.16190666104202386"
"4904","91","0.03478101101657045"
"4905","91","0.1605775085265994"
"4906","91","-0.06638568540050357"
"4907","91","0.09608213550786049"
"4908","91","0.08561187204374808"
"4909","91","0.007784669191939811"
"4910","91","-0.13240511187508996"
"4911","91","-0.09316678205795695"
"4912","91","0.17473686488262488"
"4913","91","-0.04693250754627997"
"4914","91","-0.015897510143722846"
"4915","91","-0.0859643380082235"
"4916","91","-0.11643232542303347"
"4917","91","-0.25231311905566745"
"4918","91","-0.3280037950545266"
"4919","91","0.11931341390801921"
"4920","91","-0.25573246827286117"
"4921","91","-0.06386278138731148"
"4922","91","-0.1043569248454028"
"4923","91","0.032155877532255434"
"4924","91","-0.042715680624756065"
"4925","91","-0.030850781655594222"
"4926","91","-0.021832706856766925"
"4927","91","0.03835816823845613"
"4928","91","-0.012879105458949604"
"4929","91","0.013326824579826167"
"4930","91","0.2293945356851869"
"4931","91","0.018684339649144784"
"4932","91","-0.009372161796018704"
"4933","91","-0.004248851676531895"
"4934","91","-0.10145461780135467"
"4935","91","0.11930303677820983"
"4936","91","-0.03784227241353634"
"4937","91","-0.1563513782021044"
"4938","91","0.07795035440423313"
"4939","91","0.037644086608474604"
"4940","91","-0.03321215300326539"
"4941","91","-0.21650879037361453"
"4942","91","0.08975469392612329"
"4943","91","0.06026943041354521"
"4944","91","-0.0495585646488008"
"4945","91","0.12620425755549408"
"4946","91","-0.08039439150327687"
"4947","91","-0.023092989489393173"
"4948","91","0.18848260872475303"
"4949","91","0.1824085571944805"
"4950","91","0.017204596177689324"
"4951","91","-0.054017946746716616"
"4952","91","0.008438624101499217"
"4953","91","-0.020430840278518735"
"4954","91","-0.20330252979131822"
"4955","91","-0.047086896607754176"
"4956","91","0.032962667232297745"
"4957","91","-0.17975636809542445"
"4958","91","0.14895118608248561"
"4959","91","0.05718729620783706"
"4960","91","-0.06834220438355307"
"4961","91","0.023086713421712986"
"4962","91","0.09590018252580577"
"4963","91","0.06552711937408129"
"4964","91","-0.11945605019860861"
"4965","91","-0.12587449145665014"
"4966","91","-0.15167034729755285"
"4967","91","-0.012337049164171176"
"4968","91","0.10189874720496037"
"4969","91","0.07720116377783164"
"4970","91","0.11878006195425202"
"4971","91","0.0016444648318610488"
"4972","91","-0.01993341843093726"
"4973","91","0.06782353415527297"
"4974","91","-0.0834436096047817"
"4975","91","0.07461425713026079"
"4976","91","0.03609115519259914"
"4977","91","0.13632074007036626"
"4978","91","-0.11686240948774293"
"4979","91","0.1604135165682299"
"4980","91","-0.13688110093602424"
"4981","91","-0.025831175889537726"
"4982","91","-0.0034630724306128438"
"4983","91","0.053828893284450334"
"4984","91","-0.09734225051701319"
"4985","91","-0.04064182197186282"
"4986","91","0.10292059413171403"
"4987","91","0.1389863891460544"
"4988","91","0.04452342873671721"
"4989","91","-0.1082223816427759"
"4990","91","-0.26472331118741566"
"4991","91","0.04021081340124396"
"4992","91","-0.013501971485845327"
"4993","91","0.023751270817860996"
"4994","91","0.09822083150743278"
"4995","91","0.1022198159935369"
"4996","91","-0.0029264553253980008"
"4997","91","-0.1528870493509145"
"4998","91","0.055480976603008034"
"4999","91","0.025852961070142413"
